IdVisita,codeSowing,Berberis_vivos,Berberis_muertos,Juniperus_vivos,Juniperus_muertos,Humedad,observaciones
2018_7,R11,1,1,0,0,11,NA
2018_7,R12,7,0,0,0,10,Todos agonizantes
2018_7,R13,0,1,0,0,7,NA
2018_7,R14,5,0,0,0,7,NA
2018_7,R15,0,0,0,0,6,NA
2018_7,R16,0,2,0,0,11,NA
2018_7,R17,2,3,0,0,7,NA
2018_7,R18,0,7,0,0,10,NA
2018_7,R19,0,0,0,0,8,NA
2018_7,R110,0,6,0,0,9,Sensor OK
2018_7,G11,2,0,0,0,4,NA
2018_7,G12,0,8,0,0,4,NA
2018_7,G13,1,0,0,0,11,NA
2018_7,G14,0,4,0,0,4,NA
2018_7,G15,5,3,0,0,9,NA
2018_7,G16,0,6,0,0,4,NA
2018_7,G17,3,2,0,0,7,NA
2018_7,G18,0,0,1,0,4,de este año
2018_7,G19,0,0,0,0,7,NA
2018_7,G110,0,2,0,0,7,Sensor Ok
2018_7,E11,1,0,0,0,10,NA
2018_7,E12,10,0,0,0,8,NA
2018_7,E13,1,2,0,0,7,NA
2018_7,E14,0,0,0,0,6,NA
2018_7,E15,0,2,0,0,7,Etiqueta rota
2018_7,E16,1,0,0,0,4,NA
2018_7,E17,0,5,0,0,8,NA
2018_7,E18,1,1,0,0,7,NA
2018_7,E19,NA,NA,NA,NA,6,No se encontró
2018_7,E110,1,0,0,0,7,Sensor OK
2018_7,P11,0,0,0,0,8,NA
2018_7,P12,0,0,0,0,7,NA
2018_7,P13,0,0,0,0,8,NA
2018_7,P14,0,1,0,0,10,NA
2018_7,P15,0,0,0,0,4,NA
2018_7,P16,0,0,0,0,13,NA
2018_7,P17,0,0,0,0,5,NA
2018_7,P18,0,0,0,0,8,NA
2018_7,P19,0,0,0,0,8,NA
2018_7,P110,0,0,0,0,10,Sensor Ok
2018_7,B11,0,0,0,0,-999,No se midió la humedad (TDR no funcionaba)
2018_7,B12,0,0,0,0,-999,No se midió la humedad (TDR no funcionaba)
2018_7,B13,3,0,0,0,30,3 agonizantes
2018_7,B14,NA,NA,NA,NA,NA,No se encuentra // Igual que en la visita anterior
2018_7,B15,0,1,0,0,39,NA
2018_7,B16,0,0,0,0,23,Se arreglo la jaula // Aplastada
2018_7,B17,2,0,0,0,17,Estaba desplazada
2018_7,B18,0,0,0,0,21,Estaba desplazada
2018_7,B19,0,0,0,0,39,Estaba desplazada
2018_7,B110,0,0,0,0,16,Estaba desplazada
2018_7,R21,0,1,0,0,-999,NA
2018_7,R22,1,0,0,0,-999,NA
2018_7,R23,0,3,0,0,-999,NA
2018_7,R24,2,0,0,0,-999,NA
2018_7,R25,1,6,0,0,-999,NA
2018_7,R26,4,2,0,0,-999,NA
2018_7,R27,0,0,0,0,-999,NA
2018_7,R28,0,8,0,0,-999,NA
2018_7,R29,0,7,0,0,-999,NA
2018_7,R210,0,3,0,0,-999,NA
2018_7,G21,0,1,0,0,-999,NA
2018_7,G22,0,0,0,0,-999,NA
2018_7,G23,2,0,0,0,-999,NA
2018_7,G24,0,0,0,0,-999,NA
2018_7,G25,0,0,0,0,-999,NA
2018_7,G26,2,3,0,0,-999,NA
2018_7,G27,2,1,0,0,-999,NA
2018_7,G28,0,1,0,0,-999,NA
2018_7,G29,0,0,0,0,-999,NA
2018_7,G210,0,2,0,0,-999,NA
2018_7,E21,1,1,0,0,-999,NA
2018_7,E22,6,2,0,0,-999,NA
2018_7,E23,0,0,0,0,-999,NA
2018_7,E24,5,5,0,0,-999,NA
2018_7,E25,0,0,0,0,-999,NA
2018_7,E26,5,4,0,0,-999,NA
2018_7,E27,0,0,0,0,-999,NA
2018_7,E28,NA,NA,NA,NA,-999,No se encontraba
2018_7,E29,0,1,0,0,-999,NA
2018_7,E210,3,0,0,0,-999,NA
2018_7,P21,NA,NA,NA,NA,NA,No se midió. Tormenta.
2018_7,P22,NA,NA,NA,NA,NA,No se midió. Tormenta.
2018_7,P23,NA,NA,NA,NA,NA,No se midió. Tormenta.
2018_7,P24,NA,NA,NA,NA,NA,No se midió. Tormenta.
2018_7,P25,NA,NA,NA,NA,NA,No se midió. Tormenta.
2018_7,P26,NA,NA,NA,NA,NA,No se midió. Tormenta.
2018_7,P27,NA,NA,NA,NA,NA,No se midió. Tormenta.
2018_7,P28,NA,NA,NA,NA,NA,No se midió. Tormenta.
2018_7,P29,NA,NA,NA,NA,NA,No se midió. Tormenta.
2018_7,P210,NA,NA,NA,NA,NA,No se midió. Tormenta.
2018_7,B21,NA,NA,NA,NA,NA,No se midió. Tormenta.
2018_7,B22,NA,NA,NA,NA,NA,No se midió. Tormenta.
2018_7,B23,NA,NA,NA,NA,NA,No se midió. Tormenta.
2018_7,B24,NA,NA,NA,NA,NA,No se midió. Tormenta.
2018_7,B25,NA,NA,NA,NA,NA,No se midió. Tormenta.
2018_7,B26,NA,NA,NA,NA,NA,No se midió. Tormenta.
2018_7,B27,NA,NA,NA,NA,NA,No se midió. Tormenta.
2018_7,B28,NA,NA,NA,NA,NA,No se midió. Tormenta.
2018_7,B29,NA,NA,NA,NA,NA,No se midió. Tormenta.
2018_7,B210,NA,NA,NA,NA,NA,No se midió. Tormenta.
2018_7,R31,NA,NA,NA,NA,NA,No se midió. Tormenta.
2018_7,R32,NA,NA,NA,NA,NA,No se midió. Tormenta.
2018_7,R33,NA,NA,NA,NA,NA,No se midió. Tormenta.
2018_7,R34,NA,NA,NA,NA,NA,No se midió. Tormenta.
2018_7,R35,NA,NA,NA,NA,NA,No se midió. Tormenta.
2018_7,R36,NA,NA,NA,NA,NA,No se midió. Tormenta.
2018_7,R37,NA,NA,NA,NA,NA,No se midió. Tormenta.
2018_7,R38,NA,NA,NA,NA,NA,No se midió. Tormenta.
2018_7,R39,NA,NA,NA,NA,NA,No se midió. Tormenta.
2018_7,R310,NA,NA,NA,NA,NA,No se midió. Tormenta.
2018_7,G31,NA,NA,NA,NA,NA,No se midió. Tormenta.
2018_7,G32,NA,NA,NA,NA,NA,No se midió. Tormenta.
2018_7,G33,NA,NA,NA,NA,NA,No se midió. Tormenta.
2018_7,G34,NA,NA,NA,NA,NA,No se midió. Tormenta.
2018_7,G35,NA,NA,NA,NA,NA,No se midió. Tormenta.
2018_7,G36,NA,NA,NA,NA,NA,No se midió. Tormenta.
2018_7,G37,NA,NA,NA,NA,NA,No se midió. Tormenta.
2018_7,G38,NA,NA,NA,NA,NA,No se midió. Tormenta.
2018_7,G39,NA,NA,NA,NA,NA,No se midió. Tormenta.
2018_7,G310,NA,NA,NA,NA,NA,No se midió. Tormenta.
2018_7,E31,NA,NA,NA,NA,NA,No se midió. Tormenta.
2018_7,E32,NA,NA,NA,NA,NA,No se midió. Tormenta.
2018_7,E33,NA,NA,NA,NA,NA,No se midió. Tormenta.
2018_7,E34,NA,NA,NA,NA,NA,No se midió. Tormenta.
2018_7,E35,NA,NA,NA,NA,NA,No se midió. Tormenta.
2018_7,E36,NA,NA,NA,NA,NA,No se midió. Tormenta.
2018_7,E37,NA,NA,NA,NA,NA,No se midió. Tormenta.
2018_7,E38,NA,NA,NA,NA,NA,No se midió. Tormenta.
2018_7,E39,NA,NA,NA,NA,NA,No se midió. Tormenta.
2018_7,E310,NA,NA,NA,NA,NA,No se midió. Tormenta.
2018_7,P31,NA,NA,NA,NA,NA,No se midió. Tormenta.
2018_7,P32,NA,NA,NA,NA,NA,No se midió. Tormenta.
2018_7,P33,NA,NA,NA,NA,NA,No se midió. Tormenta.
2018_7,P34,NA,NA,NA,NA,NA,No se midió. Tormenta.
2018_7,P35,NA,NA,NA,NA,NA,No se midió. Tormenta.
2018_7,P36,NA,NA,NA,NA,NA,No se midió. Tormenta.
2018_7,P37,NA,NA,NA,NA,NA,No se midió. Tormenta.
2018_7,P38,NA,NA,NA,NA,NA,No se midió. Tormenta.
2018_7,P39,NA,NA,NA,NA,NA,No se midió. Tormenta.
2018_7,P310,NA,NA,NA,NA,NA,No se midió. Tormenta.
2018_7,B31,NA,NA,NA,NA,NA,No se midió. Tormenta.
2018_7,B32,NA,NA,NA,NA,NA,No se midió. Tormenta.
2018_7,B33,NA,NA,NA,NA,NA,No se midió. Tormenta.
2018_7,B34,NA,NA,NA,NA,NA,No se midió. Tormenta.
2018_7,B35,NA,NA,NA,NA,NA,No se midió. Tormenta.
2018_7,B36,NA,NA,NA,NA,NA,No se midió. Tormenta.
2018_7,B37,NA,NA,NA,NA,NA,No se midió. Tormenta.
2018_7,B38,NA,NA,NA,NA,NA,No se midió. Tormenta.
2018_7,B39,NA,NA,NA,NA,NA,No se midió. Tormenta.
2018_7,B310,NA,NA,NA,NA,NA,No se midió. Tormenta.
2018_6,R41,0,5,0,0,4,NA
2018_6,R42,0,0,0,0,7,NA
2018_6,R43,0,0,0,0,4,NA
2018_6,R44,1,0,0,0,4,NA
2018_6,R45,0,0,0,0,9,NA
2018_6,R46,0,0,0,0,7,NA
2018_6,R47,1,0,0,0,6,NA
2018_6,R48,0,0,0,0,7,NA
2018_6,R49,0,0,0,0,6,Etiqueta desprendida
2018_6,R410,0,0,0,0,10,NA
2018_6,P41,0,0,0,0,7,NA
2018_6,P42,0,0,0,0,6,NA
2018_6,P43,0,0,0,0,7,NA
2018_6,P44,0,0,0,0,4,NA
2018_6,P45,0,1,0,0,6,NA
2018_6,P46,0,0,0,0,4,NA
2018_6,P47,0,3,0,0,3,NA
2018_6,P48,0,0,0,0,4,NA
2018_6,P49,0,0,0,0,4,NA
2018_6,P410,0,0,0,0,6,NA
2018_6,B41,0,0,0,0,13,NA
2018_6,B42,0,0,0,0,3,NA
2018_6,B43,0,0,0,0,8,NA
2018_6,B44,0,0,0,0,9,NA
2018_6,B45,0,0,0,0,18,NA
2018_6,B46,2,0,0,0,6,NA
2018_6,B47,0,0,0,0,22,NA
2018_6,B48,0,0,0,0,9,NA
2018_6,B49,NA,NA,NA,NA,NA,Desplazada (en la otra punta). Se retira
2018_6,B410,6,1,1,0,19,NA
2018_6,R51,0,1,0,0,8,NA
2018_6,R52,0,0,0,0,6,NA
2018_6,R53,0,0,0,0,11,NA
2018_6,R54,0,0,0,0,7,NA
2018_6,R55,0,0,0,0,4,NA
2018_6,R56,0,0,0,0,6,NA
2018_6,R57,0,0,0,0,7,NA
2018_6,R58,0,0,0,0,11,NA
2018_6,R59,0,0,0,0,7,NA
2018_6,R510,0,0,0,0,7,NA
2018_6,P51,0,0,0,0,7,NA
2018_6,P52,0,0,0,0,6,NA
2018_6,P53,0,0,0,0,5,NA
2018_6,P54,0,0,0,0,8,NA
2018_6,P55,0,0,0,0,6,NA
2018_6,P56,0,0,0,0,7,NA
2018_6,P57,0,0,0,0,8,NA
2018_6,P58,0,0,0,0,6,NA
2018_6,P59,0,0,0,0,7,NA
2018_6,P510,0,0,0,0,3,NA
2018_6,B51,1,0,1,0,12,NA
2018_6,B52,0,0,0,0,18,NA
2018_6,B53,0,0,0,0,15,NA
2018_6,B54,0,0,0,0,14,NA
2018_6,B55,NA,NA,NA,NA,NA,No aparece
2018_6,B56,0,0,0,0,10,NA
2018_6,B57,0,0,0,0,10,NA
2018_6,B58,NA,NA,NA,NA,NA,No aparece
2018_6,B59,0,0,0,0,14,NA
2018_6,B510,0,0,0,0,12,Pisoteada // Enterrada
2020_4,R11,1,0,0,0,2.8,NA
2020_4,R12,8,0,0,0,3.3,NA
2020_4,R13,0,0,0,0,2.3,NA
2020_4,R14,1,0,0,0,4.6,NA
2020_4,R15,0,0,0,0,2.6,NA
2020_4,R16,0,0,0,0,3,NA
2020_4,R17,0,0,0,0,2.3,NA
2020_4,R18,0,0,0,0,3.2,NA
2020_4,R19,0,0,0,0,4.2,Protector pisado
2020_4,R110,4,0,0,0,5.5,P21
2020_4,G11,2,1,0,0,1.8,NA
2020_4,G12,2,0,0,0,0,NA
2020_4,G13,0,0,0,0,0,NA
2020_4,G14,2,0,0,0,1.2,NA
2020_4,G15,2,0,0,0,1.4,NA
2020_4,G16,2,0,0,0,0,NA
2020_4,G17,0,0,0,0,0,NA
2020_4,G18,NA,NA,NA,NA,NA,No se encuentra
2020_4,G19,0,0,0,0,0,NA
2020_4,G110,0,0,0,0,0,LANP33
2020_4,E11,0,0,0,0,1.1,NA
2020_4,E12,13,0,0,0,0.8,NA
2020_4,E13,0,0,0,0,2,NA
2020_4,E14,0,0,0,0,0,NA
2020_4,E15,0,0,0,0,0,NA
2020_4,E16,1,0,0,0,1.3,NA
2020_4,E17,NA,NA,NA,NA,NA,NA
2020_4,E18,0,0,0,0,5.4,NA
2020_4,E19,0,0,0,0,0,P4
2020_4,E110,0,0,0,0,0,Mucha hojarasca. No suelo
2020_4,P11,0,0,0,0,1.1,NA
2020_4,P12,NA,NA,NA,NA,NA,No se encuentra
2020_4,P13,NA,NA,NA,NA,NA,No se encuentra
2020_4,P14,0,0,0,0,0,NA
2020_4,P15,0,0,0,0,0.9,NA
2020_4,P16,NA,NA,NA,NA,NA,Jaula movida. No se localizan
2020_4,P17,NA,NA,NA,NA,NA,Jaula movida. No se localizan
2020_4,P18,0,0,0,0,4.5,NA
2020_4,P19,0,0,0,0,3.8,NA
2020_4,P110,0,0,0,0,2.8,Sensor P27
2020_4,B11,0,0,0,0,10,No se localiza el sensor datalogger
2020_4,B12,0,0,0,0,30.3,NA
2020_4,B13,0,0,0,0,17.5,NA
2020_4,B14,NA,NA,NA,NA,NA,NA
2020_4,B15,0,0,0,0,10.4,NA
2020_4,B16,NA,NA,NA,NA,NA,No se encuentra
2020_4,B17,0,0,0,0,73.8,NA
2020_4,B18,0,0,0,0,47.9,NA
2020_4,B19,NA,NA,NA,NA,NA,No se encuentra
2020_4,B110,0,0,0,0,6.9,NA
2020_4,R21,0,0,0,0,1,Sensor H1
2020_4,R22,0,0,0,0,0.8,NA
2020_4,R23,0,0,0,0,1.8,NA
2020_4,R24,2,0,0,0,5,NA
2020_4,R25,0,0,0,0,3.3,NA
2020_4,R26,1,0,0,0,2.3,NA
2020_4,R27,0,0,0,0,1.8,NA
2020_4,R28,0,0,0,0,2.4,NA
2020_4,R29,0,0,0,0,2.1,NA
2020_4,R210,0,0,0,0,4.1,NA
2020_4,G21,0,0,0,0,2.9,NA
2020_4,G22,0,0,0,0,0,Sensor H2
2020_4,G23,0,0,0,0,4.3,NA
2020_4,G24,0,0,0,0,2.7,NA
2020_4,G25,0,0,0,0,0,NA
2020_4,G26,0,0,0,0,0,NA
2020_4,G27,0,0,0,0,0,NA
2020_4,G28,NA,NA,NA,NA,NA,No se encuentra
2020_4,G29,0,0,0,0,0,NA
2020_4,G210,0,0,0,0,1.6,NA
2020_4,E21,7,0,0,0,2.9,NA
2020_4,E22,5,0,0,0,3.7,NA
2020_4,E23,1,0,0,0,5.3,NA
2020_4,E24,3,0,0,0,2.3,H4
2020_4,E25,0,0,0,0,1.6,NA
2020_4,E26,1,0,0,0,1.3,NA
2020_4,E27,0,0,0,0,1.3,NA
2020_4,E28,2,0,0,0,3.6,NA
2020_4,E29,0,0,0,0,2.9,NA
2020_4,E210,2,0,0,0,2,NA
2020_4,P21,0,0,0,0,2.3,NA
2020_4,P22,0,0,0,0,2.4,NA
2020_4,P23,0,0,0,0,2.8,NA
2020_4,P24,0,0,0,0,1.9,NA
2020_4,P25,0,0,0,0,4.2,NA
2020_4,P26,NA,NA,NA,NA,NA,No se encuentra
2020_4,P27,0,0,0,0,2.6,NA
2020_4,P28,NA,NA,NA,NA,NA,No se encuentra
2020_4,P29,0,0,0,0,3.7,NA
2020_4,P210,NA,NA,NA,NA,NA,No se encuentra
2020_4,B21,0,0,1,0,5.4,Juniperus de hace dos años
2020_4,B22,0,0,0,0,6.3,NA
2020_4,B23,0,0,0,0,30.4,No se pudo leer los datos del sensor
2020_4,B24,NA,NA,NA,NA,NA,Jaula movida. la quitamos
2020_4,B25,0,0,0,0,6.8,NA
2020_4,B26,0,0,0,0,7.6,NA
2020_4,B27,0,0,0,0,12.3,NA
2020_4,B28,0,0,0,0,11.1,NA
2020_4,B29,0,0,0,0,14.8,NA
2020_4,B210,0,0,0,0,5.6,NA
2020_4,R31,0,0,0,0,1.4,NA
2020_4,R32,0,0,0,0,2.4,NA
2020_4,R33,0,0,0,0,2.3,NA
2020_4,R34,0,0,0,0,2.9,NA
2020_4,R35,0,0,0,0,3,NA
2020_4,R36,0,0,0,0,1.5,NA
2020_4,R37,0,0,0,0,2,NA
2020_4,R38,0,0,0,0,2.8,NA
2020_4,R39,0,0,0,0,5.6,NA
2020_4,R310,0,0,0,0,1.5,Sensor P32
2020_4,G31,0,0,0,0,2.9,NA
2020_4,G32,0,0,0,0,3,NA
2020_4,G33,0,0,0,0,2,NA
2020_4,G34,0,0,0,0,3.7,NA
2020_4,G35,0,0,0,0,2,NA
2020_4,G36,0,0,0,0,2.5,NA
2020_4,G37,0,0,0,0,2.8,LAN P31
2020_4,G38,0,0,0,0,1.6,NA
2020_4,G39,0,0,0,0,1.1,NA
2020_4,G310,0,0,0,0,2,NA
2020_4,E31,0,0,0,0,2,NA
2020_4,E32,3,0,0,0,1.4,NA
2020_4,E33,0,0,0,0,1.8,NA
2020_4,E34,0,0,0,0,3.1,NA
2020_4,E35,2,0,0,0,3.2,NA
2020_4,E36,0,0,0,0,1.9,NA
2020_4,E37,6,0,0,0,2.1,NA
2020_4,E38,1,0,0,0,0.8,Sensor 24 roto. Se retira
2020_4,E39,0,0,0,0,3.7,NA
2020_4,E310,0,0,0,0,4.1,nuevos
2020_4,P31,0,0,0,0,2.7,NA
2020_4,P32,0,0,0,0,3.8,NA
2020_4,P33,NA,NA,NA,NA,NA,No se encuentra
2020_4,P34,0,0,0,0,4.9,NA
2020_4,P35,0,0,0,0,1.6,NA
2020_4,P36,0,0,0,0,1.7,NA
2020_4,P37,NA,NA,NA,NA,NA,NA
2020_4,P38,0,0,0,0,8.8,NA
2020_4,P39,0,0,0,0,2.1,NA
2020_4,P310,0,0,0,0,3,Sensor P35
2020_4,B31,0,0,0,0,37.2,NA
2020_4,B32,0,0,0,0,35.1,NA
2020_4,B33,0,0,0,0,35,NA
2020_4,B34,0,0,0,0,3.9,NA
2020_4,B35,0,0,0,0,5.9,NA
2020_4,B36,NA,NA,NA,NA,NA,NA
2020_4,B37,0,0,0,0,73.4,NA
2020_4,B38,0,0,0,0,48.2,NA
2020_4,B39,0,0,0,0,73.4,NA
2020_4,B310,0,0,0,0,21.4,NA
2020_3,R41,0,0,0,0,4.5,NA
2020_3,R42,0,0,0,0,2,NA
2020_3,R43,0,0,0,0,6.5,Sensor P43
2020_3,R44,0,0,0,0,4.3,NA
2020_3,R45,0,0,0,0,6.7,NA
2020_3,R46,0,0,0,0,6.4,NA
2020_3,R47,0,0,0,0,4.6,NA
2020_3,R48,0,0,0,0,3.7,NA
2020_3,R49,0,0,0,0,3.8,NA
2020_3,R410,0,0,0,0,7.9,NA
2020_3,P41,0,0,0,0,2.6,NA
2020_3,P42,0,0,0,0,3,Sensor B: 20489859
2020_3,P43,0,0,0,0,4,NA
2020_3,P44,0,0,0,0,4.3,NA
2020_3,P45,0,0,0,0,3.3,NA
2020_3,P46,0,0,0,0,2.5,NA
2020_3,P47,0,0,0,0,3.6,NA
2020_3,P48,0,0,0,0,4.6,NA
2020_3,P49,NA,NA,NA,NA,NA,NA
2020_3,P410,NA,NA,NA,NA,NA,NA
2020_3,B41,0,0,0,0,10.4,NA
2020_3,B42,0,0,0,0,13.9,NA
2020_3,B43,0,0,0,0,9.4,NA
2020_3,B44,NA,NA,NA,NA,NA,NA
2020_3,B45,0,0,0,0,1.2,NA
2020_3,B46,0,0,0,0,12,NA
2020_3,B47,0,0,0,0,11.6,NA
2020_3,B48,0,0,0,0,14.4,NA
2020_3,B49,0,0,0,0,19.5,NA
2020_3,B410,0,0,0,0,19,Sensor P22
2020_3,R51,0,0,0,0,3.8,NA
2020_3,R52,0,0,0,0,2.3,NA
2020_3,R53,0,0,0,0,1.1,NA
2020_3,R54,0,0,0,0,4.6,NA
2020_3,R55,0,0,0,0,3.1,NA
2020_3,R56,0,0,0,0,3.6,NA
2020_3,R57,0,0,0,0,3.9,NA
2020_3,R58,0,0,0,0,2.5,NA
2020_3,R59,0,0,0,0,7.1,NA
2020_3,R510,0,0,0,0,2.5,Sensor X1
2020_3,P51,0,0,0,0,1.4,NA
2020_3,P52,NA,NA,NA,NA,NA,NA
2020_3,P53,0,0,0,0,2.2,NA
2020_3,P54,NA,NA,NA,NA,NA,NA
2020_3,P55,0,0,0,0,5,NA
2020_3,P56,0,0,0,0,4.5,NA
2020_3,P57,0,0,0,0,5.9,NA
2020_3,P58,0,0,0,0,2.8,Sensor 33
2020_3,P59,0,0,0,0,3.2,NA
2020_3,P510,NA,NA,NA,NA,NA,NA
2020_3,B51,0,0,0,0,11.1,NA
2020_3,B52,0,0,0,0,18.2,NA
2020_3,B53,NA,NA,NA,NA,NA,movida
2020_3,B54,0,0,0,0,18.8,Sensor P39
2020_3,B55,NA,NA,NA,NA,NA,NA
2020_3,B56,0,0,0,0,20.4,NA
2020_3,B57,0,0,0,0,13.7,NA
2020_3,B58,NA,NA,NA,NA,NA,NA
2020_3,B59,0,0,0,0,40.2,NA
2020_3,B510,0,0,0,0,33.4,NA
2020_1,R11,0,0,0,0,3.1,NA
2020_1,R12,8,0,0,0,2.3,NA
2020_1,R13,0,0,0,0,2.2,NA
2020_1,R14,3,0,0,0,1.7,NA
2020_1,R15,0,0,0,0,1.5,NA
2020_1,R16,0,0,0,0,1.7,NA
2020_1,R17,0,0,0,0,4.9,NA
2020_1,R18,0,0,0,0,2.6,NA
2020_1,R19,0,0,0,0,2,NA
2020_1,R110,4,0,0,0,4.6,1 de los Berberis es nuevo (del año)
2020_1,G11,2,0,0,0,3.3,NA
2020_1,G12,3,0,0,0,6,Todos los Berberis del año
2020_1,G13,0,0,0,0,5,NA
2020_1,G14,4,0,0,0,3,NA
2020_1,G15,0,0,0,0,6,NA
2020_1,G16,0,0,0,0,2.3,NA
2020_1,G17,0,0,0,0,6,NA
2020_1,G18,NA,NA,NA,NA,NA,No se encuentra
2020_1,G19,0,0,0,0,4,NA
2020_1,G110,0,0,0,0,5,NA
2020_1,E11,0,0,0,0,10,NA
2020_1,E12,12,0,0,0,16,Berberis germinación del año
2020_1,E13,0,0,0,0,4,NA
2020_1,E14,0,0,0,0,6,NA
2020_1,E15,0,0,0,0,4,NA
2020_1,E16,0,0,0,0,6,NA
2020_1,E17,0,0,0,0,8.1,NA
2020_1,E18,1,0,0,0,14,NA
2020_1,E19,0,0,1,0,16,Juniperus germinación del año
2020_1,E110,0,0,0,0,3.2,Mucha hojarasca. No suelo
2020_1,P11,NA,NA,NA,NA,NA,No se encuentra
2020_1,P12,0,0,0,0,4,NA
2020_1,P13,0,0,0,0,0,NA
2020_1,P14,0,0,0,0,5,NA
2020_1,P15,0,0,0,0,4,NA
2020_1,P16,0,0,0,0,1.6,NA
2020_1,P17,0,0,0,0,2.5,NA
2020_1,P18,NA,NA,NA,NA,NA,No se encuentra
2020_1,P19,0,0,0,0,8,NA
2020_1,P110,0,0,0,0,4,NA
2020_1,B11,0,0,0,0,26.6,NA
2020_1,B12,0,0,0,0,53,NA
2020_1,B13,0,0,0,0,47.4,NA
2020_1,B14,0,0,0,0,NA,NA
2020_1,B15,0,0,0,0,32.5,NA
2020_1,B16,NA,NA,NA,NA,NA,No se encuentra
2020_1,B17,0,0,0,0,73.8,NA
2020_1,B18,1,0,0,0,27.7,Berberis del año
2020_1,B19,NA,NA,NA,NA,NA,No se encuentra
2020_1,B110,0,0,0,0,44.9,NA
2020_1,R21,0,0,0,0,2.5,NA
2020_1,R22,0,0,0,0,10,NA
2020_1,R23,0,0,0,0,3,NA
2020_1,R24,2,0,0,0,9.2,NA
2020_1,R25,0,0,0,0,1.4,NA
2020_1,R26,4,0,0,0,6,NA
2020_1,R27,0,0,0,0,1,NA
2020_1,R28,0,0,0,0,9,NA
2020_1,R29,0,0,0,0,5,NA
2020_1,R210,0,0,0,0,6,NA
2020_1,G21,0,0,0,0,11,NA
2020_1,G22,NA,NA,NA,NA,NA,No se encuentra
2020_1,G23,NA,NA,NA,NA,NA,No se encuentra
2020_1,G24,0,0,0,0,7,NA
2020_1,G25,0,0,0,0,10,NA
2020_1,G26,0,0,0,0,6,NA
2020_1,G27,0,0,0,0,5,NA
2020_1,G28,0,0,0,0,7,NA
2020_1,G29,0,0,0,0,6,NA
2020_1,G210,0,0,0,0,6,NA
2020_1,E21,7,0,0,0,4,berberis nuevos
2020_1,E22,2,0,0,0,3,berberis viejas
2020_1,E23,1,0,1,0,2.5,berberis nuevos
2020_1,E24,3,0,0,0,2.4,"2 nuevos, 1 viejo"
2020_1,E25,0,0,0,0,0,NA
2020_1,E26,0,0,0,0,4.7,NA
2020_1,E27,0,0,0,0,6,NA
2020_1,E28,3,0,0,0,9,NA
2020_1,E29,0,0,0,0,8,NA
2020_1,E210,4,0,0,0,10,NA
2020_1,P21,0,0,0,0,4,NA
2020_1,P22,0,0,0,0,3,NA
2020_1,P23,0,0,0,0,3,NA
2020_1,P24,0,0,0,0,6,NA
2020_1,P25,0,0,0,0,7,NA
2020_1,P26,NA,NA,NA,NA,NA,No se encuentra
2020_1,P27,0,0,0,0,0,NA
2020_1,P28,NA,NA,NA,NA,NA,No se encuentra
2020_1,P29,0,0,0,0,3,NA
2020_1,P210,NA,NA,NA,NA,NA,No se encuentra
2020_1,B21,0,0,1,0,20.8,Juniperus de hace dos años
2020_1,B22,0,0,0,0,13.9,NA
2020_1,B23,0,0,0,0,30,NA
2020_1,B24,0,0,0,0,11.9,NA
2020_1,B25,0,0,0,0,20.9,NA
2020_1,B26,0,0,0,0,21.1,NA
2020_1,B27,0,0,0,0,10.8,NA
2020_1,B28,0,0,0,0,15.7,NA
2020_1,B29,0,0,0,0,25.1,NA
2020_1,B210,0,0,0,0,15.7,NA
2020_1,R31,0,0,0,0,6,NA
2020_1,R32,0,0,0,0,7,NA
2020_1,R33,0,0,0,0,7,NA
2020_1,R34,0,0,0,0,1.7,NA
2020_1,R35,0,0,0,0,3.3,NA
2020_1,R36,0,0,0,0,4.3,NA
2020_1,R37,0,0,0,0,7,NA
2020_1,R38,0,0,0,0,10,NA
2020_1,R39,0,0,0,0,12,NA
2020_1,R310,0,0,0,0,10,NA
2020_1,G31,0,0,0,0,6.1,NA
2020_1,G32,1,0,0,0,1.9,NA
2020_1,G33,0,0,0,0,2.5,NA
2020_1,G34,1,0,0,0,3.7,NA
2020_1,G35,0,0,0,0,1.5,NA
2020_1,G36,0,0,0,0,2,NA
2020_1,G37,1,0,0,0,3.9,NA
2020_1,G38,0,0,0,0,0,NA
2020_1,G39,0,0,0,0,6,NA
2020_1,G310,0,0,0,0,1,NA
2020_1,E31,0,0,0,0,3.1,NA
2020_1,E32,4,0,0,0,8,NA
2020_1,E33,0,0,0,0,10,NA
2020_1,E34,2,0,0,0,3.5,NA
2020_1,E35,2,0,0,0,7,NA
2020_1,E36,0,0,0,0,5.4,NA
2020_1,E37,2,0,0,0,8,viejos
2020_1,E38,1,0,0,0,0,NA
2020_1,E39,0,0,0,0,1.8,NA
2020_1,E310,1,0,0,0,5.9,nuevos
2020_1,P31,0,0,0,0,6,NA
2020_1,P32,0,0,0,0,7,NA
2020_1,P33,0,0,0,0,7,NA
2020_1,P34,0,0,0,0,9,NA
2020_1,P35,0,0,0,0,5,NA
2020_1,P36,0,0,0,0,6,NA
2020_1,P37,NA,NA,NA,NA,NA,NA
2020_1,P38,0,0,0,0,7,NA
2020_1,P39,0,0,0,0,14,NA
2020_1,P310,0,0,0,0,10,NA
2020_1,B31,0,0,0,0,53,NA
2020_1,B32,0,0,0,0,51,NA
2020_1,B33,0,0,0,0,25,NA
2020_1,B34,0,0,0,0,40,NA
2020_1,B35,0,0,0,0,10,NA
2020_1,B36,0,0,0,0,64,NA
2020_1,B37,0,0,0,0,50,NA
2020_1,B38,0,0,0,0,43,NA
2020_1,B39,0,0,0,0,62,NA
2020_1,B310,0,0,0,0,44,NA
2020_2,R41,0,0,0,0,2.3,NA
2020_2,R42,0,0,0,0,1.5,NA
2020_2,R43,0,0,0,0,1.4,NA
2020_2,R44,0,0,0,0,1.2,NA
2020_2,R45,0,0,0,0,0.8,NA
2020_2,R46,0,0,0,0,0.5,NA
2020_2,R47,0,0,0,0,2.1,NA
2020_2,R48,0,0,0,0,1.7,NA
2020_2,R49,0,0,0,0,0,NA
2020_2,R410,0,0,0,0,1.9,NA
2020_2,P41,0,0,0,0,0,NA
2020_2,P42,0,0,0,0,0,NA
2020_2,P43,0,0,0,0,1.3,NA
2020_2,P44,0,0,0,0,NA,NA
2020_2,P45,0,0,0,0,NA,NA
2020_2,P46,0,0,0,0,0,NA
2020_2,P47,NA,NA,NA,NA,NA,Descolocada
2020_2,P48,0,0,0,0,0,NA
2020_2,P49,NA,NA,NA,NA,NA,No se encuentra
2020_2,P410,NA,NA,NA,NA,NA,No se encuentra
2020_2,B41,0,0,0,0,20.3,NA
2020_2,B42,0,0,0,0,2.7,NA
2020_2,B43,0,0,0,0,0,NA
2020_2,B44,NA,NA,NA,NA,NA,No se encuentra
2020_2,B45,0,0,0,0,0.9,NA
2020_2,B46,0,0,0,0,0,NA
2020_2,B47,0,0,0,0,5.7,NA
2020_2,B48,0,0,0,0,1.9,NA
2020_2,B49,0,0,0,0,3.7,NA
2020_2,B410,0,0,0,0,2,NA
2020_2,R51,0,0,0,0,1.7,NA
2020_2,R52,0,0,0,0,1.3,NA
2020_2,R53,0,0,0,0,2.1,NA
2020_2,R54,NA,NA,NA,NA,NA,No se encuentra
2020_2,R55,0,0,0,0,1.1,NA
2020_2,R56,0,0,0,0,1.5,NA
2020_2,R57,0,0,0,0,1.1,NA
2020_2,R58,0,0,0,0,0.9,NA
2020_2,R59,0,0,0,0,0.1,NA
2020_2,R510,0,0,0,0,0.7,NA
2020_2,P51,0,0,0,0,0,NA
2020_2,P52,NA,NA,NA,NA,NA,Descolocada
2020_2,P53,0,0,0,0,0,NA
2020_2,P54,NA,NA,NA,NA,NA,Descolocada
2020_2,P55,NA,NA,NA,NA,NA,No se encuentra
2020_2,P56,0,0,0,0,0,NA
2020_2,P57,0,0,0,0,0,NA
2020_2,P58,0,0,0,0,0,NA
2020_2,P59,0,0,0,0,0,NA
2020_2,P510,NA,NA,NA,NA,NA,No se encuentra
2020_2,B51,0,0,0,0,0.8,NA
2020_2,B52,0,0,0,0,10.4,NA
2020_2,B53,0,0,0,0,8.1,NA
2020_2,B54,0,0,0,0,9.5,NA
2020_2,B55,NA,NA,NA,NA,NA,No se encuentra
2020_2,B56,NA,NA,NA,NA,NA,No se encuentra
2020_2,B57,0,0,0,0,3,NA
2020_2,B58,NA,NA,NA,NA,NA,No se encuentra
2020_2,B59,0,0,0,0,40,NA
2020_2,B510,0,0,0,0,23.8,NA
2019_1,R11,1,0,2,0,4,NA
2019_1,R12,7,0,0,0,7,NA
2019_1,R13,1,0,0,0,7,NA
2019_1,R14,3,0,0,0,4,NA
2019_1,R15,0,0,0,0,4,NA
2019_1,R16,0,0,0,0,4,NA
2019_1,R17,2,0,0,0,4,NA
2019_1,R18,0,1,0,0,6,NA
2019_1,R19,2,0,0,0,3,NA
2019_1,R110,5,0,0,0,11,P21 29% batería y 42% memoria
2019_1,G11,2,0,0,0,3,Sin etiqueta. Se ha puesto etiqueta amarilla
2019_1,G12,0,0,0,0,4,NA
2019_1,G13,0,0,0,0,19,NA
2019_1,G14,1,0,0,0,6,Etiqueta amarilla
2019_1,G15,4,1,0,0,2,Etiqueta amarilla
2019_1,G16,1,0,0,0,5,Sin etiqueta
2019_1,G17,3,0,0,0,3,NA
2019_1,G18,0,0,0,0,11,Sin etiqueta. Se ha puesto etiqueta amarilla
2019_1,G19,NA,NA,NA,NA,NA,No encontrado
2019_1,G110,1,0,0,0,10,LANP33 66% batería y 42% memoria
2019_1,E11,2,0,0,0,7,NA
2019_1,E12,0,0,0,0,2,NA
2019_1,E13,3,0,1,0,5,NA
2019_1,E14,0,0,2,0,5,NA
2019_1,E15,0,0,0,0,2,"Jaula estropeada, no tiene etiqueta"
2019_1,E16,1,0,0,0,15,Jaula pisada
2019_1,E17,0,0,0,0,2,Descolocado. Sin etiqueta
2019_1,E18,2,0,0,0,2,NA
2019_1,E19,0,0,0,0,0,P4 93% batería y 42% memoria
2019_1,E110,5,0,1,0,4,NA
2019_1,P11,0,0,0,0,4,NA
2019_1,P12,0,0,0,0,6,NA
2019_1,P13,0,0,0,0,6,NA
2019_1,P14,0,0,0,0,10,NA
2019_1,P15,0,0,0,0,0,NA
2019_1,P16,0,0,0,0,6,NA
2019_1,P17,0,0,0,0,4,NA
2019_1,P18,0,0,0,0,10,NA
2019_1,P19,0,0,0,0,8,NA
2019_1,P110,0,0,0,0,3,P27 23% batería y 27% memoria
2019_1,B11,0,0,0,0,8,NA
2019_1,B12,0,0,0,0,8,NA
2019_1,B13,0,0,0,0,34,Pisada
2019_1,B14,NA,NA,NA,NA,NA,No encontrado
2019_1,B15,0,0,0,0,17,Aplastado
2019_1,B16,0,0,0,0,21,Aplastado
2019_1,B17,0,0,0,0,3,NA
2019_1,B18,0,0,0,0,21,NA
2019_1,B19,0,0,0,0,8,Pisado
2019_1,B110,0,0,0,0,17,Pisado
2019_1,R21,0,0,0,0,11,Ponemos sensor H1
2019_1,R22,1,0,0,0,9,NA
2019_1,R23,0,0,0,0,6,NA
2019_1,R24,1,0,0,0,5,NA
2019_1,R25,0,0,0,0,8,NA
2019_1,R26,1,0,0,0,6,NA
2019_1,R27,0,0,0,0,2,NA
2019_1,R28,0,0,0,0,4,NA
2019_1,R29,0,0,0,0,6,NA
2019_1,R210,0,0,0,0,6,NA
2019_1,G21,0,0,0,0,4,NA
2019_1,G22,0,0,0,0,8,Ponemos sensor H2
2019_1,G23,0,0,0,0,5,NA
2019_1,G24,0,0,0,0,17,NA
2019_1,G25,0,0,0,0,4,NA
2019_1,G26,0,0,0,0,3,NA
2019_1,G27,1,0,0,0,5,NA
2019_1,G28,0,0,0,0,4,NA
2019_1,G29,0,0,0,0,7,NA
2019_1,G210,0,0,0,0,4,NA
2019_1,E21,7,0,0,0,5,NA
2019_1,E22,6,0,0,0,10,NA
2019_1,E23,2,0,0,0,13,NA
2019_1,E24,2,0,0,0,6,Ponemos sensor H4
2019_1,E25,0,0,0,0,4,Aplastada
2019_1,E26,2,0,0,0,7,Aplastada
2019_1,E27,0,0,0,0,4,NA
2019_1,E28,1,0,0,0,8,NA
2019_1,E29,0,0,0,0,8,NA
2019_1,E210,12,0,0,0,15,Etiqueta rota (sin etiqueta)
2019_1,P21,0,0,0,0,4,NA
2019_1,P22,0,0,0,0,5,Movido
2019_1,P23,0,0,0,0,8,Movido
2019_1,P24,0,0,0,0,3,NA
2019_1,P25,0,0,0,0,2,NA
2019_1,P26,NA,NA,NA,NA,NA,Sin localizar
2019_1,P27,0,0,0,0,9,NA
2019_1,P28,NA,NA,NA,NA,NA,Sin localizar
2019_1,P29,0,0,0,0,5,NA
2019_1,P210,NA,NA,NA,NA,NA,Sin localizar
2019_1,B21,0,0,0,0,14,Aplastada y desplazada
2019_1,B22,0,0,0,0,12,Aplastada
2019_1,B23,2,0,2,0,35,Aplastada. Ponemos sensor H3
2019_1,B24,0,0,0,0,16,Aplastada y desplazada
2019_1,B25,0,0,0,0,15,Aplastada
2019_1,B26,1,0,0,0,22,Aplastada
2019_1,B27,0,0,0,0,15,Aplastada
2019_1,B28,0,0,0,0,15,Aplastada. Sin etiqueta
2019_1,B29,0,0,0,0,35,Aplastada
2019_1,B210,0,0,0,0,20,Aplastada
2019_1,R31,0,0,0,0,12,NA
2019_1,R32,0,0,0,0,8,"Sin etiqueta, se le pone una nueva"
2019_1,R33,0,0,0,0,22,NA
2019_1,R34,0,0,0,0,9,"Sin etiqueta, se le pone una nueva"
2019_1,R35,0,0,0,0,7,NA
2019_1,R36,0,0,0,0,8,NA
2019_1,R37,0,0,0,0,13,NA
2019_1,R38,0,0,0,0,6,Desplazado el protector
2019_1,R39,0,0,0,0,7,NA
2019_1,R310,0,0,0,0,3,LAN P32 batería 73% y memoria 42%
2019_1,G31,0,0,0,0,8,NA
2019_1,G32,0,0,2,0,12,NA
2019_1,G33,0,0,1,0,7,NA
2019_1,G34,1,0,0,0,4,"Sin etiqueta, se le pone una nueva"
2019_1,G35,0,0,0,0,3,"Sin etiqueta, se le pone una nueva"
2019_1,G36,0,0,0,0,11,"Sin etiqueta, se le pone una nueva"
2019_1,G37,1,0,0,0,7,"Sin etiqueta, se le pone una nueva. HOBO (LAN P31 batería 66% y memoria 42%)"
2019_1,G38,0,0,0,0,17,"Sin etiqueta, se le pone una nueva"
2019_1,G39,0,0,0,0,9,NA
2019_1,G310,0,0,0,0,7,"Sin etiqueta, se le pone una nueva"
2019_1,E31,0,0,1,0,13,Cambiar etiqueta
2019_1,E32,3,0,0,0,10,NA
2019_1,E33,0,0,0,0,8,NA
2019_1,E34,1,1,0,0,7,NA
2019_1,E35,2,0,0,0,8,NA
2019_1,E36,0,0,0,0,5,NA
2019_1,E37,4,0,0,0,7,NA
2019_1,E38,1,0,0,0,6,Sensor P24 batería 53% y memoria 42%
2019_1,E39,0,0,0,0,4,"Cambiar etiqueta, está rota"
2019_1,E310,0,0,0,0,5,NA
2019_1,P31,0,0,0,0,6,NA
2019_1,P32,0,0,0,0,6,NA
2019_1,P33,0,0,0,0,8,NA
2019_1,P34,0,0,0,0,4,NA
2019_1,P35,0,0,0,0,3,NA
2019_1,P36,0,0,0,0,6,NA
2019_1,P37,0,0,0,0,4,NA
2019_1,P38,0,0,0,0,12,NA
2019_1,P39,0,0,0,0,4,Poner etiqueta. Sensor P35 batería 80% y memoria 42%
2019_1,P310,2,0,3,0,8,Poner etiqueta
2019_1,B31,1,0,1,0,19,Aplastada
2019_1,B32,0,0,0,0,12,Aplastada
2019_1,B33,0,0,0,0,19,Aplastada
2019_1,B34,1,0,0,0,19,Aplastada. Sensor H5
2019_1,B35,1,0,0,0,4,Aplastada
2019_1,B36,0,0,0,0,19,Aplastada
2019_1,B37,0,0,0,0,12,Aplastada
2019_1,B38,0,0,0,0,6,Aplastada
2019_1,B39,0,0,1,2,18,Aplastada
2019_1,B310,NA,NA,NA,NA,NA,No se encuentra
2019_2,R41,0,0,0,0,6,NA
2019_2,R42,1,2,0,0,4,NA
2019_2,R43,0,0,0,0,7,Lectura Sensor P43 (33% Bat 27 % Memoria)
2019_2,R44,0,0,0,0,8,NA
2019_2,R45,0,0,0,0,6,NA
2019_2,R46,0,0,0,0,8,NA
2019_2,R47,0,0,0,0,7,NA
2019_2,R48,0,0,0,0,8,NA
2019_2,R49,11,0,0,0,6,Etiqueta desprendida
2019_2,R410,0,0,0,0,7,NA
2019_2,P41,0,0,0,0,6,NA
2019_2,P42,0,0,0,0,6,NA
2019_2,P43,0,0,0,0,7,Jaula desplazada
2019_2,P44,0,0,0,0,7,Instalamos sensor temperatura nuevo BER_01
2019_2,P45,0,0,0,0,6,NA
2019_2,P46,0,0,0,0,7,NA
2019_2,P47,0,0,0,0,5,NA
2019_2,P48,0,0,0,0,12,NA
2019_2,P49,0,0,0,0,4,NA
2019_2,P410,0,0,0,0,4,NA
2019_2,B41,0,0,0,0,18,NA
2019_2,B42,0,0,0,0,49,NA
2019_2,B43,0,0,0,0,18,NA
2019_2,B44,0,0,0,0,40,NA
2019_2,B45,0,0,0,1,24,Pisoteada y movida
2019_2,B46,0,0,0,0,15,Pisoteada
2019_2,B47,0,0,0,0,45,NA
2019_2,B48,0,0,0,0,18,NA
2019_2,B49,0,0,0,0,44,NA
2019_2,B410,0,0,1,0,26,Lectura sensor P22 (73 % Bat // 42 % Humedad)
2019_2,R51,0,0,0,0,12,NA
2019_2,R52,0,0,0,0,18,NA
2019_2,R53,0,0,0,0,10,NA
2019_2,R54,0,0,0,0,9,NA
2019_2,R55,0,0,0,0,6,NA
2019_2,R56,0,0,0,0,9,NA
2019_2,R57,0,0,0,0,7,NA
2019_2,R58,0,0,0,0,8,NA
2019_2,R59,1,0,0,0,7,NA
2019_2,R510,0,0,0,0,8,Lectura datos sensor X1 53 % Bat // 42 % humedad
2019_2,P51,0,0,0,0,12,NA
2019_2,P52,0,0,0,0,6,NA
2019_2,P53,1,0,0,0,8,NA
2019_2,P54,0,0,0,0,11,Cambiar etiqueta
2019_2,P55,0,0,0,0,7,Cambiar etiqueta
2019_2,P56,1,0,0,0,5,NA
2019_2,P57,1,0,0,0,4,Cambiar etiqueta
2019_2,P58,0,0,0,0,5,Cambiar etiqueta. Lectura datos sensor P33 (60 % Bat // 42 % Memoria)
2019_2,P59,0,0,0,0,9,NA
2019_2,P510,0,0,0,0,13,NA
2019_2,B51,0,0,0,0,18,NA
2019_2,B52,0,0,0,0,30,NA
2019_2,B53,0,0,0,0,46,NA
2019_2,B54,0,0,0,0,31,Lectura sensor P39 (60 % Bat // 42 % Memoria)
2019_2,B55,NA,NA,NA,NA,NA,No aparece
2019_2,B56,0,0,0,0,28,Pisoteada
2019_2,B57,0,0,0,0,66,Pisoteada
2019_2,B58,NA,NA,NA,NA,NA,No aparece
2019_2,B59,0,0,0,0,68,NA
2019_2,B510,0,0,0,0,43,NA
2019_4,R11,0,0,0,0,-999,NA
2019_4,R12,8,0,0,0,-999,NA
2019_4,R13,0,0,0,0,-999,NA
2019_4,R14,2,0,0,0,-999,NA
2019_4,R15,0,0,0,0,-999,NA
2019_4,R16,0,0,0,0,-999,NA
2019_4,R17,2,0,0,0,-999,NA
2019_4,R18,0,0,0,0,-999,NA
2019_4,R19,0,0,0,0,-999,NA
2019_4,R110,3,1,0,0,-999,P21 // bat 6% / Mem 40
2019_4,G11,2,0,0,0,-999,NA
2019_4,G12,0,0,0,0,-999,NA
2019_4,G13,0,0,0,0,-999,NA
2019_4,G14,0,0,0,0,-999,NA
2019_4,G15,0,0,0,0,-999,NA
2019_4,G16,0,0,0,0,-999,NA
2019_4,G17,0,0,0,0,-999,NA
2019_4,G18,0,0,0,0,-999,NA
2019_4,G19,0,0,0,0,-999,NA
2019_4,G110,0,0,0,0,-999,LANp33 53% bat // 50 Memo
2019_4,E11,0,0,0,0,-999,NA
2019_4,E12,0,0,0,0,-999,NA
2019_4,E13,10,0,0,0,-999,NA
2019_4,E14,0,0,0,0,-999,NA
2019_4,E15,0,0,0,0,-999,NA
2019_4,E16,0,0,0,0,-999,NA
2019_4,E17,0,0,0,0,-999,NA
2019_4,E18,2,0,0,0,-999,NA
2019_4,E19,0,0,0,0,-999,Data logger. P4 // Bat 66 // Memoria 50
2019_4,E110,1,1,0,0,-999,NA
2019_4,P11,0,0,0,0,-999,NA
2019_4,P12,0,0,0,0,-999,NA
2019_4,P13,0,0,0,0,-999,NA
2019_4,P14,0,0,0,0,-999,NA
2019_4,P15,0,0,0,0,-999,NA
2019_4,P16,0,0,0,0,-999,NA
2019_4,P17,0,0,0,0,-999,NA
2019_4,P18,0,0,0,0,-999,NA
2019_4,P19,0,0,0,0,-999,NA
2019_4,P110,0,0,0,0,-999,P27 Bat 23 // M50
2019_4,B11,0,0,0,0,18,NA
2019_4,B12,0,0,0,0,36,NA
2019_4,B13,NA,NA,NA,NA,NA,No está
2019_4,B14,NA,NA,NA,NA,NA,No está
2019_4,B15,0,0,0,0,30,NA
2019_4,B16,0,0,0,0,23,Jaulilla muy pisada (casi enterrada)
2019_4,B17,0,0,0,0,38,NA
2019_4,B18,0,0,0,0,36,NA
2019_4,B19,NA,NA,NA,NA,NA,Muy desplazada
2019_4,B110,0,0,0,0,12,Jaulilla aplastada
2019_4,R21,0,0,0,0,10,NA
2019_4,R22,0,0,0,0,10,NA
2019_4,R23,0,0,0,0,10,NA
2019_4,R24,0,0,0,0,12,NA
2019_4,R25,0,1,0,0,12,Bérberis: 1 muerto
2019_4,R26,3,0,0,0,14,NA
2019_4,R27,0,0,0,0,8,NA
2019_4,R28,0,0,0,0,11,NA
2019_4,R29,0,0,0,0,18,Junto a un enebro pequeño (ver foto carpeta R-2-9)
2019_4,R210,0,0,0,0,13,NA
2019_4,G21,0,0,0,0,10,NA
2019_4,G22,0,0,0,0,11,Con datalogger
2019_4,G23,1,1,0,0,9,Berberis: 1 vivo y 1 muerto
2019_4,G24,0,0,0,0,15,NA
2019_4,G25,0,0,0,0,11,NA
2019_4,G26,0,0,0,0,11,Jaulilla movida
2019_4,G27,2,0,0,0,12,NA
2019_4,G28,0,0,0,0,12,NA
2019_4,G29,0,0,0,0,8,NA
2019_4,G210,0,0,0,0,14,NA
2019_4,E21,7,0,0,0,10,NA
2019_4,E22,4,0,0,0,11,NA
2019_4,E23,1,0,0,0,16,NA
2019_4,E24,2,0,0,0,14,NA
2019_4,E25,0,0,0,0,27,NA
2019_4,E26,1,0,0,0,14,NA
2019_4,E27,0,0,0,0,11,NA
2019_4,E28,5,1,0,0,16,Berberis: 5 vivos + 1  muerto
2019_4,E29,1,0,0,0,23,NA
2019_4,E210,8,0,0,0,14,Foto E-2-10
2019_4,P21,0,0,0,0,18,NA
2019_4,P22,0,0,0,0,12,NA
2019_4,P23,0,0,0,0,14,NA
2019_4,P24,0,0,0,0,13,NA
2019_4,P25,0,0,0,0,13,NA
2019_4,P26,NA,NA,NA,NA,NA,No se encuentra
2019_4,P27,0,0,0,0,8,NA
2019_4,P28,NA,NA,NA,NA,NA,No se encuentra
2019_4,P29,0,0,0,0,8,NA
2019_4,P210,NA,NA,NA,NA,NA,No se encuentra
2019_4,B21,0,0,2,0,16,Jaulilla desplazada. Foto B-2-1
2019_4,B22,0,0,0,0,22,NA
2019_4,B23,0,0,0,0,20,NA
2019_4,B24,0,0,0,0,20,NA
2019_4,B25,0,0,0,0,5,NA
2019_4,B26,0,0,0,0,24,NA
2019_4,B27,0,0,0,0,24,Jaulilla muy pisoteada
2019_4,B28,0,0,0,0,40,Jaulilla muy pisoteada
2019_4,B29,0,0,0,0,43,NA
2019_4,B210,0,0,0,0,12,NA
2019_4,R31,0,0,0,0,22,NA
2019_4,R32,0,0,0,0,12,NA
2019_4,R33,0,0,0,0,20,NA
2019_4,R34,0,0,0,0,10,Mal etiquetada
2019_4,R35,0,0,0,0,8,Sin etiqueta vieja
2019_4,R36,0,0,0,0,10,NA
2019_4,R37,0,0,0,0,18,NA
2019_4,R38,0,0,0,0,10,NA
2019_4,R39,0,0,0,0,11,Jaulilla muy pisada
2019_4,R310,0,0,0,0,11,NA
2019_4,G31,0,0,0,0,14,Mal etiquetada
2019_4,G32,0,0,0,0,11,Jaula desplazada
2019_4,G33,0,0,0,0,16,NA
2019_4,G34,1,0,0,0,17,NA
2019_4,G35,0,0,0,0,17,NA
2019_4,G36,0,0,0,0,18,NA
2019_4,G37,1,0,0,0,14,NA
2019_4,G38,0,0,0,0,8,NA
2019_4,G39,0,0,0,0,14,Mal etiquetada
2019_4,G310,0,0,0,0,15,NA
2019_4,E31,0,0,0,0,16,NA
2019_4,E32,NA,NA,NA,NA,NA,No encontrado
2019_4,E33,0,0,0,0,16,NA
2019_4,E34,0,0,0,0,11,NA
2019_4,E35,2,0,0,0,9,NA
2019_4,E36,0,0,0,0,10,NA
2019_4,E37,1,0,0,0,18,NA
2019_4,E38,1,0,0,0,14,NA
2019_4,E39,0,0,0,0,15,Jaulilla aplastada
2019_4,E310,0,0,0,0,16,NA
2019_4,P31,0,0,0,0,10,NA
2019_4,P32,0,0,0,0,12,NA
2019_4,P33,0,0,0,0,15,NA
2019_4,P34,0,0,0,0,20,NA
2019_4,P35,0,0,0,0,13,NA
2019_4,P36,0,0,0,0,13,NA
2019_4,P37,NA,NA,NA,NA,NA,No encontrado
2019_4,P38,0,0,0,0,13,NA
2019_4,P39,0,0,0,0,18,NA
2019_4,P310,0,0,0,0,14,Con datalogger
2019_4,B31,1,0,2,0,38,Jaulilla aplastada
2019_4,B32,0,0,0,0,38,Jaulilla aplastada
2019_4,B33,0,0,0,0,16,Jaulilla aplastada
2019_4,B34,1,0,2,0,27,Con datalogger
2019_4,B35,1,0,0,0,18,NA
2019_4,B36,0,0,0,0,48,Jaulilla aplastada
2019_4,B37,0,0,0,0,48,Jaulilla aplastada
2019_4,B38,0,0,0,0,39,Jaulilla aplastada
2019_4,B39,0,0,0,0,45,Jaulilla aplastada
2019_4,B310,0,0,0,0,31,Jaulilla aplastada
2019_3,R41,0,0,0,0,8,NA
2019_3,R42,0,0,0,0,10,NA
2019_3,R43,0,0,0,0,10,Lectura Sensor P43 (29% Bat 51 % Memoria)
2019_3,R44,0,0,0,0,12,NA
2019_3,R45,0,0,0,0,10,NA
2019_3,R46,0,0,0,0,14,NA
2019_3,R47,0,0,0,0,9,NA
2019_3,R48,0,0,0,0,18,NA
2019_3,R49,0,0,0,0,10,NA
2019_3,R410,0,0,0,0,14,NA
2019_3,P41,0,0,0,0,10,NA
2019_3,P42,0,0,0,0,8,NA
2019_3,P43,0,0,0,0,7,NA
2019_3,P44,0,0,0,0,7,Lectura sensor BER_01 (100 % Bat // 9 % Memoria)
2019_3,P45,0,0,0,0,8,NA
2019_3,P46,0,0,0,0,7,NA
2019_3,P47,0,0,0,0,6,NA
2019_3,P48,0,0,0,0,7,NA
2019_3,P49,0,0,0,0,16,NA
2019_3,P410,0,0,0,0,8,NA
2019_3,B41,0,0,0,0,20,NA
2019_3,B42,0,0,0,0,12,NA
2019_3,B43,0,0,0,0,16,NA
2019_3,B44,0,0,0,0,20,NA
2019_3,B45,0,0,0,0,8,NA
2019_3,B46,0,0,0,0,8,NA
2019_3,B47,0,0,0,0,23,NA
2019_3,B48,0,0,0,0,20,NA
2019_3,B49,0,0,0,0,10,NA
2019_3,B410,0,0,1,0,12,Lectura sensor P22 (73 % Bat // 42 % Humedad)
2019_3,R51,0,0,0,0,8,NA
2019_3,R52,0,0,0,0,8,NA
2019_3,R53,0,0,0,0,6,NA
2019_3,R54,0,0,0,0,8,NA
2019_3,R55,0,0,0,0,8,NA
2019_3,R56,0,0,0,0,10,NA
2019_3,R57,0,0,0,0,8,NA
2019_3,R58,0,0,0,0,10,NA
2019_3,R59,1,0,0,0,12,NA
2019_3,R510,0,0,0,0,16,Lectura datos sensor X1 33 % Bat // 51 % humedad
2019_3,P51,0,0,0,0,12,Aplastada
2019_3,P52,NA,NA,NA,NA,NA,No Aparece
2019_3,P53,0,0,0,0,14,Aplastada
2019_3,P54,0,0,0,0,15,Cambiar etiqueta
2019_3,P55,0,0,0,0,7,Cambiar etiqueta
2019_3,P56,0,0,0,0,6,Aplastada
2019_3,P57,0,0,0,0,16,Aplastada
2019_3,P58,0,0,0,0,11,Aplastada. Lectura datos sensor P33 (33 % Bat // 51 % Memoria)
2019_3,P59,0,0,0,0,19,Aplastada
2019_3,P510,0,0,0,0,17,Aplastada
2019_3,B51,0,0,0,0,11,NA
2019_3,B52,0,0,0,0,29,NA
2019_3,B53,0,0,0,0,8,NA
2019_3,B54,0,0,0,0,22,Lectura sensor P39 (46 % Bat // 32 % Memoria)
2019_3,B55,NA,NA,NA,NA,NA,No aparece
2019_3,B56,0,0,0,0,18,NA
2019_3,B57,0,0,0,0,24,NA
2019_3,B58,NA,NA,NA,NA,NA,No aparece
2019_3,B59,0,0,0,0,14,Pisoteada
2019_3,B510,0,0,0,0,18,NA
2018_3,R11,2,1,0,0,2,NA
2018_3,R12,8,0,2,0,3,NA
2018_3,R13,0,1,0,0,4,NA
2018_3,R14,5,0,0,0,4,NA
2018_3,R15,0,0,0,0,2,NA
2018_3,R16,0,2,0,0,3,NA
2018_3,R17,3,2,0,0,2,Eliminar malas hierbas
2018_3,R18,0,8,0,1,0,NA
2018_3,R19,0,0,0,0,0,"Ojo esta jaula está cerca de roca, aunque no parece que sea bajo roca. Considerar la posibilidad de no tenerla en cuenta, porque parece mas bien un pastizal"
NA,R110,6,0,0,0,1,Sensor P21 // 80 % bat // 25 % memoria
2018_3,G11,3,2,0,0,7,NA
2018_3,G12,2,2,0,0,5,NA
2018_3,G13,0,3,0,0,2,Se arreglo la jaula
2018_3,G14,2,2,0,0,4,Se arreglo la jaula
2018_3,G15,7,4,3,0,4,NA
2018_3,G16,0,8,0,0,0,NA
2018_3,G17,3,1,1,0,2,NA
2018_3,G18,0,2,0,0,3,NA
2018_3,G19,0,2,0,0,1,NA
2018_3,G110,1,5,0,0,4,Sensor P3.3 // 86 % bat // 25 % memoria
2018_3,E11,1,0,0,0,3,NA
2018_3,E12,14,1,0,0,5,NA
2018_3,E13,2,2,1,0,2,NA
2018_3,E14,1,7,0,0,4,NA
2018_3,E15,1,0,0,0,1,NA
2018_3,E16,3,5,0,0,8,NA
2018_3,E17,0,6,0,0,2,Restos de arcestidas mordisqueadas y comidas (ver foto)
2018_3,E18,5,1,0,0,3,NA
2018_3,E19,1,1,0,0,4,NA
2018_3,E110,0,1,0,0,3,Sensor P4 // 93 % bat // 25 % memoria
2018_3,P11,2,0,0,0,1,Se arreglo la jaula
2018_3,P12,0,0,0,0,0,NA
2018_3,P13,0,0,0,0,2,Se arreglo la jaula // Estaba movida de sitio
2018_3,P14,0,0,0,0,1,NA
2018_3,P15,0,0,0,0,4,NA
2018_3,P16,0,0,0,0,0,Se arreglo la jaula
2018_3,P17,0,0,0,0,0,Se arreglo la jaula
2018_3,P18,0,0,0,0,1,Se arreglo la jaula
2018_3,P19,0,0,0,0,0,NA
2018_3,P110,0,0,0,0,1,Sensor P27 // 60 % bat // 25 % memoria
2018_3,B11,0,0,0,0,16,Sensor P66 // 1 % bat // 25 % memoria
2018_3,B12,0,0,0,0,10,Se arreglo la jaula // Eliminar malas hierbas
2018_3,B13,5,0,0,0,30,Estaba marcada como P68 // Se hizo el nuevo etiquetado
2018_3,B14,NA,NA,NA,NA,NA,No se encuentra // Igual que en la visita anterior
2018_3,B15,1,0,0,0,18,Estaba movida
2018_3,B16,2,0,0,0,23,Se arreglo la jaula // Eliminar malas hierbas
2018_3,B17,0,0,0,0,20,NA
2018_3,B18,2,1,0,0,6,Se arreglo la jaula // Eliminar malas hierbas
2018_3,B19,0,0,0,0,17,Se arreglo la jaula // Eliminar malas hierbas
2018_3,B110,0,0,0,0,14,Se arreglo la jaula // Eliminar malas hierbas // jaula movida
2018_3,R21,0,2,0,0,0,NA
2018_3,R22,1,0,0,0,2,NA
2018_3,R23,0,4,0,0,3,NA
2018_3,R24,2,0,0,0,3,NA
2018_3,R25,8,5,0,0,4,NA
2018_3,R26,4,3,1,0,7,NA
2018_3,R27,1,1,0,0,4,NA
2018_3,R28,8,1,0,0,2,Se arreglo la jaula
2018_3,R29,7,0,0,0,2,Se arreglo la jaula
2018_3,R210,0,3,0,0,4,NA
2018_3,G21,1,0,1,0,1,NA
2018_3,G22,0,0,0,0,1,NA
2018_3,G23,2,0,0,0,2,NA
2018_3,G24,0,0,0,0,2,NA
2018_3,G25,0,0,0,0,0,NA
2018_3,G26,4,3,0,0,3,NA
2018_3,G27,4,2,0,0,4,NA
2018_3,G28,0,1,0,0,3,NA
2018_3,G29,0,4,0,0,5,NA
2018_3,G210,0,3,0,0,1,NA
2018_4,E21,2,1,2,0,4,NA
2018_4,E22,7,6,0,0,4,NA
2018_4,E23,5,1,0,0,6,NA
2018_4,E24,4,6,1,0,4,NA
2018_4,E25,0,7,0,0,4,Se arreglo la jaula
2018_4,E26,4,12,0,0,8,NA
2018_4,E27,0,0,0,0,3,Se arreglo la jaula
2018_4,E28,10,3,0,0,4,NA
2018_4,E29,4,1,0,0,4,NA
2018_4,E210,4,1,0,0,6,NA
2018_3,P21,0,0,0,0,1,NA
2018_3,P22,0,2,0,0,2,Se arreglo la jaula
2018_3,P23,0,0,0,0,2,Se arreglo la jaula
2018_3,P24,0,1,0,0,3,Se arreglo la jaula
2018_3,P25,0,0,0,0,0,Se arreglo la jaula
2018_3,P26,0,0,0,0,2,Se arreglo la jaula
2018_3,P27,0,0,0,0,3,Se arreglo la jaula // Estaba movida la jaula
2018_3,P28,NA,NA,NA,NA,NA,No se encuentra // En previas visitas tampoco
2018_3,P29,0,0,0,0,2,NA
2018_3,P210,0,0,0,0,2,Se arreglo la jaula
2018_4,B21,2,0,2,0,11,Se arreglo la jaula
2018_4,B22,0,0,0,0,13,Se arreglo la jaula
2018_4,B23,1,0,2,0,15,Se arreglo la jaula
2018_4,B24,0,0,0,0,8,Se arreglo la jaula
2018_4,B25,NA,NA,NA,NA,NA,NA
2018_4,B26,0,0,0,0,8,Se arreglo la jaula
2018_4,B27,1,0,0,0,4,Se arreglo la jaula
2018_4,B28,2,0,0,0,7,Se arreglo la jaula
2018_4,B29,0,0,0,0,4,Se arreglo la jaula
2018_4,B210,0,0,0,0,8,NA
2018_4,R31,0,0,0,0,3,NA
2018_4,R32,0,0,0,0,2,NA
2018_4,R33,0,5,0,0,1,NA
2018_4,R34,0,1,0,2,1,NA
2018_4,R35,0,0,0,0,0,NA
2018_4,R36,3,1,0,0,2,NA
2018_4,R37,0,2,0,1,2,NA
2018_4,R38,0,1,0,0,4,NA
2018_4,R39,1,0,0,0,4,NA
2018_4,R310,0,2,0,0,3,Sensor LANP32 // 73 % bat // 25 % memoria
2018_4,G31,3,2,0,0,3,NA
2018_4,G32,1,4,0,0,6,NA
2018_4,G33,1,2,0,0,5,NA
2018_4,G34,2,3,1,0,5,NA
2018_4,G35,2,0,0,0,4,NA
2018_4,G36,0,1,0,0,4,NA
2018_4,G37,6,2,0,0,5,Sensor 3-1 // 80 % bat // 25 % memoria
2018_4,G38,0,0,0,0,1,NA
2018_4,G39,0,0,0,0,3,NA
2018_4,G310,1,5,0,0,3,NA
2018_4,E31,0,3,0,0,3,NA
2018_4,E32,5,4,0,0,3,NA
2018_4,E33,2,3,0,0,4,NA
2018_4,E34,2,0,0,0,3,NA
2018_4,E35,2,1,0,0,4,NA
2018_4,E36,0,3,0,0,4,NA
2018_4,E37,6,1,0,0,6,NA
2018_4,E38,2,1,0,0,4,Sensor 24 // 60 % bat // 25 % memoria
2018_4,E39,0,4,0,0,7,NA
2018_4,E310,2,0,0,0,5,NA
2018_4,P31,0,0,0,0,0,NA
2018_4,P32,0,1,0,0,0,NA
2018_4,P33,0,0,0,0,3,NA
2018_4,P34,0,0,0,0,1,NA
2018_4,P35,0,0,0,0,0,NA
2018_4,P36,0,0,0,0,3,Se arreglo la jaula
2018_4,P37,0,2,0,0,6,Se arreglo la jaula
2018_4,P38,0,1,0,0,4,NA
2018_4,P39,0,0,0,0,1,Sensor P35 // 39 % bat // 25 % memoria // Se arreglo la jaula
2018_4,P310,0,0,0,0,4,Se arreglo la jaula
2018_4,B31,1,0,1,0,31,NA
2018_4,B32,0,0,0,0,48,NA
2018_4,B33,0,0,0,0,20,NA
2018_4,B34,1,0,3,0,46,NA
2018_4,B35,0,0,0,0,4,NA
2018_4,B36,0,0,0,0,25,NA
2018_4,B37,0,0,0,0,40,Se arreglo la jaula
2018_4,B38,0,0,2,0,8,Se arreglo la jaula
2018_4,B39,1,0,2,0,11,NA
2018_4,B310,0,0,0,0,15,NA
2018_5,R41,1,8,0,1,4,NA
2018_5,R42,0,0,0,0,1,NA
2018_5,R43,0,0,0,0,2,NA
2018_5,R44,1,0,0,0,1.8,NA
2018_5,R45,0,0,0,0,5,NA
2018_5,R46,0,0,0,0,6,NA
2018_5,R47,1,0,0,0,2.5,NA
2018_5,R48,0,0,0,0,6,NA
2018_5,R49,0,0,0,0,2,NA
2018_5,R410,0,0,0,0,8,NA
2018_5,P41,0,0,0,0,0,NA
2018_5,P42,0,3,0,0,4,NA
2018_5,P43,0,3,0,0,4,NA
2018_5,P44,0,0,0,0,6,NA
2018_5,P45,0,3,0,0,4,NA
2018_5,P46,0,0,0,0,3,NA
2018_5,P47,0,2,0,0,2,NA
2018_5,P48,0,0,0,0,0,NA
2018_5,P49,0,0,0,0,4,NA
2018_5,P410,0,0,0,0,2,NA
2018_5,B41,0,1,0,0,3,NA
2018_5,B42,0,0,0,0,7,Etiqueta sin muecas
2018_5,B43,0,0,0,1,3,NA
2018_5,B44,0,0,0,1,2,NA
2018_5,B45,3,0,0,0,5,NA
2018_5,B46,1,0,0,0,3,Jaulilla desplazada
2018_5,B47,0,0,0,0,14,NA
2018_5,B48,0,0,0,0,3,NA
2018_5,B49,0,0,0,0,5,NA
2018_5,B410,5,1,0,0,5,NA
2018_5,R51,1,0,1,0,1,Síntomas de estrés hídrico
2018_5,R52,1,0,1,0,4,NA
2018_5,R53,0,0,0,0,2,NA
2018_5,R54,0,2,0,0,6,NA
2018_5,R55,0,2,0,0,3,NA
2018_5,R56,0,0,0,0,0,NA
2018_5,R57,0,0,0,0,3,NA
2018_5,R58,0,0,0,0,4,NA
2018_5,R59,0,1,0,0,3,NA
2018_5,R510,0,0,0,0,4,NA
2018_5,P51,0,0,0,0,0,NA
2018_5,P52,0,0,0,0,2,NA
2018_5,P53,0,0,0,0,1,NA
2018_5,P54,0,0,0,0,0,NA
2018_5,P55,0,1,0,0,5,NA
2018_5,P56,0,0,0,0,4,NA
2018_5,P57,0,0,0,0,0,NA
2018_5,P58,0,0,0,0,0,NA
2018_5,P59,0,0,0,0,0,NA
2018_5,P510,0,0,0,0,0,NA
2018_5,B51,0,0,1,0,6,NA
2018_5,B52,0,0,0,0,13,NA
2018_5,B53,0,0,0,0,23,Comprobar localización
2018_5,B54,0,0,0,0,11,NA
2018_5,B55,NA,NA,NA,NA,NA,No aparece
2018_5,B56,0,0,0,0,4,NA
2018_5,B57,0,0,0,0,49,Jaula desplazada
2018_5,B58,NA,NA,NA,NA,NA,No aparece
2018_5,B59,0,0,0,0,10,NA
2018_5,B510,4,0,1,0,54,NA
2018_2,R11,3,0,0,0,9,J+H
2018_2,R12,9,0,2,0,10,NA
2018_2,R13,2,0,0,0,8,NA
2018_2,R14,5,0,1,0,8,NA
2018_2,R15,3,0,0,0,7,H
2018_2,R16,3,0,0,0,8,NA
2018_2,R17,6,0,1,0,8,NA
2018_2,R18,10,0,0,0,6,H
2018_2,R19,0,0,0,0,2,H(sin etiqueta)
2018_2,R110,6,0,0,0,10,H
2018_2,G11,4,0,0,0,6,J+H
2018_2,G12,6,0,0,0,11,J
2018_2,G13,2,0,0,0,6,J
2018_2,G14,7,0,2,0,4,J
2018_2,G15,10,0,4,0,4,J+H
2018_2,G16,9,0,2,0,6,J+H
2018_2,G17,6,0,1,0,8,NA
2018_2,G18,3,0,0,0,2,NA
2018_2,G19,3,0,0,0,6,J
2018_2,G110,10,0,1,0,14,NA
2018_2,E11,2,0,0,0,7,NA
2018_2,E12,15,0,0,0,16,NA
2018_2,E13,7,0,0,0,10,NA
2018_2,E14,10,0,0,0,4,NA
2018_2,E15,5,0,0,0,16,NA
2018_2,E16,5,0,0,0,7,NA
2018_2,E17,8,0,0,0,8,J+H
2018_2,E18,10,0,0,0,10,NA
2018_2,E19,3,0,0,0,4,NA
2018_2,E110,5,0,0,0,10,NA
2018_2,P11,2,0,0,0,4,J
2018_2,P12,0,0,0,0,2,J
2018_2,P13,3,0,0,0,6,H+J
2018_2,P14,0,0,0,0,6,H+J
2018_2,P15,0,0,0,0,4,H+J
2018_2,P16,4,0,0,0,4,J
2018_2,P17,2,0,0,0,11,H+J
2018_2,P18,1,0,0,0,2,H+J
2018_2,P19,5,0,0,0,6,J
2018_2,P110,NA,NA,NA,NA,NA,No encontrado
2018_2,B11,0,0,0,0,40,J
2018_2,B12,5,0,0,0,30,Nueva: P68
2018_2,B13,NA,NA,NA,NA,NA,No se encuentra
2018_2,B14,NA,NA,NA,NA,NA,No se encuentra
2018_2,B15,4,0,0,0,18,J
2018_2,B16,3,0,0,0,27,J+H
2018_2,B17,0,0,0,0,18,"jaula nueva, sin etiqueta"
2018_2,B18,3,0,0,0,26,J
2018_2,B19,2,0,0,0,16,J+H
2018_2,B110,3,0,0,0,38,NA
2018_2,R21,3,0,0,0,4,H
2018_2,R22,2,0,5,0,7,H
2018_2,R23,6,0,0,0,6,H
2018_2,R24,2,0,1,0,8,H
2018_2,R25,18,0,0,0,8,H
2018_2,R26,11,0,2,0,8,H
2018_2,R27,2,0,0,0,4,NA
2018_2,R28,10,0,0,0,11,NA
2018_2,R29,10,0,0,0,4,NA
2018_2,R210,3,0,0,0,4,H
2018_2,G21,1,0,0,0,14,NA
2018_2,G22,2,0,0,0,4,NA
2018_2,G23,3,0,0,0,4,H
2018_2,G24,2,0,0,0,6,J
2018_2,G25,0,0,0,0,2,NA
2018_2,G26,7,0,0,0,4,NA
2018_2,G27,4,0,0,0,4,H
2018_2,G28,3,0,0,0,2,NA
2018_2,G29,5,0,0,0,4,NA
2018_2,G210,3,0,1,0,4,NA
2018_2,E21,3,0,1,0,8,NA
2018_2,E22,18,0,0,0,6,NA
2018_2,E23,5,0,0,0,4,J+H
2018_2,E24,20,0,1,0,8,NA
2018_2,E25,12,0,0,0,4,NA
2018_2,E26,20,0,0,0,8,J
2018_2,E27,0,0,0,0,6,NA
2018_2,E28,12,0,0,0,6,NA
2018_2,E29,5,0,0,0,4,NA
2018_2,E210,3,0,0,0,12,NA
2018_2,P21,2,0,0,0,2,J
2018_2,P22,6,0,0,0,4,J
2018_2,P23,1,0,0,0,6,J+H
2018_2,P24,1,0,0,0,4,J
2018_2,P25,5,0,0,0,6,J
2018_2,P26,2,0,0,0,2,J
2018_2,P27,1,0,0,0,4,J
2018_2,P28,3,0,0,0,2,NA
2018_2,P29,0,0,0,0,NA,ENTERRADO
2018_2,P210,0,0,0,0,2,J
2018_2,B21,2,0,2,0,18,J
2018_2,B22,0,0,0,0,8,J+H
2018_2,B23,1,0,2,0,41,J
2018_2,B24,0,0,0,0,10,J+H
2018_2,B25,0,0,0,0,6,J+H
2018_2,B26,0,0,0,0,8,J
2018_2,B27,3,0,0,0,11,H
2018_2,B28,2,0,0,0,40,J
2018_2,B29,0,0,0,0,41,J
2018_2,B210,0,0,0,0,12,J+H
2018_2,R31,0,0,0,0,8,NA
2018_2,R32,10,0,0,0,7,NA
2018_2,R33,0,0,0,0,6,NA
2018_2,R34,0,0,3,0,7,NA
2018_2,R35,4,0,1,0,6,NA
2018_2,R36,3,0,2,0,6,NA
2018_2,R37,2,0,0,0,6,NA
2018_2,R38,2,0,5,0,20,NA
2018_2,R39,1,0,0,0,8,NA
2018_2,R310,2,0,0,0,7,H
2018_2,G31,4,0,1,0,10,NA
2018_2,G32,5,0,0,0,6,NA
2018_2,G33,2,0,1,0,6,NA
2018_2,G34,4,0,1,0,10,NA
2018_2,G35,1,0,0,0,4,NA
2018_2,G36,1,0,0,0,6,NA
2018_2,G37,7,0,0,0,6,NA
2018_2,G38,0,0,0,0,4,NA
2018_2,G39,0,0,0,0,4,NA
2018_2,G310,4,0,0,0,18,NA
2018_2,E31,1,0,0,0,4,NA
2018_2,E32,2,0,8,0,8,NA
2018_2,E33,3,0,0,0,8,NA
2018_2,E34,2,0,0,0,8,NA
2018_2,E35,2,0,0,0,6,NA
2018_2,E36,1,0,1,0,12,NA
2018_2,E37,6,0,0,0,6,NA
2018_2,E38,5,0,0,0,7,NA
2018_2,E39,1,0,0,0,4,NA
2018_2,E310,3,0,1,0,7,NA
2018_2,P31,0,0,0,0,4,NA
2018_2,P32,1,0,0,0,6,Darle la vuelta a la jaula
2018_2,P33,0,0,0,0,4,NA
2018_2,P34,1,0,0,0,4,NA
2018_2,P35,0,0,0,0,5,NA
2018_2,P36,1,0,0,0,6,NA
2018_2,P37,4,0,0,0,4,NA
2018_2,P38,0,0,0,0,2,NA
2018_2,P39,0,0,0,0,8,J
2018_2,P310,1,0,0,0,6,J
2018_2,B31,1,0,2,0,22,J
2018_2,B32,1,0,0,0,38,J
2018_2,B33,7,0,1,0,27,J
2018_2,B34,1,0,3,0,39,J
2018_2,B35,2,0,0,0,20,J
2018_2,B36,1,0,0,0,29,J
2018_2,B37,0,0,0,0,40,J
2018_2,B38,5,0,5,0,25,J
2018_2,B39,4,0,0,0,29,J
2018_2,B310,0,0,0,0,33,J
2018_1,R41,10,0,2,0,7,H
2018_1,R42,2,0,1,0,6,H
2018_1,R43,0,0,0,0,6,J
2018_1,R44,2,0,0,0,6,H
2018_1,R45,2,0,2,0,4,H
2018_1,R46,4,0,0,0,11,H
2018_1,R47,0,0,0,0,7,H
2018_1,R48,0,0,0,0,11,H
2018_1,R49,3,0,0,0,4,H
2018_1,R410,2,0,0,0,6,H
2018_1,P41,4,0,0,0,2,J+H
2018_1,P42,1,0,0,0,2,J
2018_1,P43,4,0,0,0,2,J
2018_1,P44,0,0,0,0,4,J
2018_1,P45,0,0,0,0,4,NA
2018_1,P46,1,0,0,0,4,J
2018_1,P47,3,0,0,0,2,J+H
2018_1,P48,3,0,0,0,3,J
2018_1,P49,1,0,0,0,4,J+H
2018_1,P410,1,0,0,0,2,NA
2018_1,B41,1,0,0,0,22,REPONER JAULA
2018_1,B42,NA,NA,NA,NA,NA,RETIRADA
2018_1,B43,2,0,1,0,10,J
2018_1,B44,3,0,0,0,12,J
2018_1,B45,2,0,0,0,32,J+H
2018_1,B46,3,0,0,0,16,J+H
2018_1,B47,0,0,0,0,40,J+H
2018_1,B48,1,0,1,0,20,J+H
2018_1,B49,0,0,0,0,38,J+H
2018_1,B410,3,0,1,0,15,J+H
2018_1,R51,3,0,0,0,4,H
2018_1,R52,3,0,1,0,6,H
2018_1,R53,0,0,0,0,7,NA
2018_1,R54,3,0,0,0,8,NA
2018_1,R55,4,0,0,0,14,NA
2018_1,R56,2,0,1,0,18,NA
2018_1,R57,1,0,0,0,6,NA
2018_1,R58,0,0,0,0,6,H
2018_1,R59,1,0,0,0,12,H
2018_1,R510,0,0,1,0,12,H
2018_1,P51,0,0,0,0,4,J
2018_1,P52,0,0,0,0,4,NA
2018_1,P53,1,0,0,0,4,NA
2018_1,P54,1,0,0,0,2,NA
2018_1,P55,0,0,0,0,4,NA
2018_1,P56,0,0,0,0,2,J
2018_1,P57,0,0,0,0,4,NA
2018_1,P58,0,0,0,0,4,NA
2018_1,P59,3,0,0,0,4,J
2018_1,P510,0,0,0,0,6,NA
2018_1,B51,1,0,0,0,12,J+H
2018_1,B52,0,0,0,0,27,H
2018_1,B53,0,0,0,0,43,ENTERRADA
2018_1,B54,1,0,0,0,11,J
2018_1,B55,0,0,0,0,NA,NO LOCALIZADA
2018_1,B56,0,0,0,0,10,H
2018_1,B57,0,0,0,0,38,J+H
2018_1,B58,0,0,0,0,43,"SIN JAULA, SE REPONE, INUNDADA"
2018_1,B59,0,0,0,0,43,"ENTERRADA, SE REPONE"
2018_1,B510,5,0,1,0,32,J+H
2017_6,R11,0,0,0,0,-999,NA
2017_6,R12,0,0,0,0,-999,NA
2017_6,R13,0,0,0,0,-999,NA
2017_6,R14,0,0,0,0,-999,NA
2017_6,R15,0,0,0,0,-999,NA
2017_6,R16,0,0,0,0,-999,NA
2017_6,R17,0,0,0,0,-999,NA
2017_6,R18,0,0,0,0,-999,NA
2017_6,R19,0,0,0,0,-999,NA
2017_6,R110,0,0,0,0,-999,NA
2017_6,G11,0,0,0,0,-999,NA
2017_6,G12,0,0,0,0,-999,NA
2017_6,G13,0,0,0,0,-999,NA
2017_6,G14,0,0,0,0,-999,NA
2017_6,G15,0,0,0,0,-999,NA
2017_6,G16,0,0,0,0,-999,NA
2017_6,G17,0,0,0,0,-999,NA
2017_6,G18,0,0,0,0,-999,NA
2017_6,G19,0,0,0,0,-999,NA
2017_6,G110,0,0,0,0,-999,NA
2017_6,E11,0,0,0,0,-999,NA
2017_6,E12,0,0,0,0,-999,NA
2017_6,E13,0,0,0,0,-999,NA
2017_6,E14,0,0,0,0,-999,NA
2017_6,E15,0,0,0,0,-999,NA
2017_6,E16,0,0,0,0,-999,NA
2017_6,E17,0,0,0,0,-999,NA
2017_6,E18,0,0,0,0,-999,NA
2017_6,E19,0,0,0,0,-999,NA
2017_6,E110,0,0,0,0,-999,NA
2017_6,P11,0,0,0,0,-999,NA
2017_6,P12,0,0,0,0,-999,NA
2017_6,P13,0,0,0,0,-999,NA
2017_6,P14,0,0,0,0,-999,NA
2017_6,P15,0,0,0,0,-999,NA
2017_6,P16,0,0,0,0,-999,NA
2017_6,P17,0,0,0,0,-999,NA
2017_6,P18,0,0,0,0,-999,NA
2017_6,P19,0,0,0,0,-999,NA
2017_6,P110,0,0,0,0,-999,NA
2017_6,B11,0,0,0,0,-999,NA
2017_6,B12,0,0,0,0,-999,NA
2017_6,B13,0,0,0,0,-999,NA
2017_6,B14,0,0,0,0,-999,NA
2017_6,B15,0,0,0,0,-999,NA
2017_6,B16,0,0,0,0,-999,NA
2017_6,B17,0,0,0,0,-999,NA
2017_6,B18,0,0,0,0,-999,NA
2017_6,B19,0,0,0,0,-999,NA
2017_6,B110,0,0,0,0,-999,NA
2017_6,R21,0,0,0,0,-999,NA
2017_6,R22,0,0,0,0,-999,NA
2017_6,R23,0,0,0,0,-999,NA
2017_6,R24,0,0,0,0,-999,NA
2017_6,R25,0,0,0,0,-999,NA
2017_6,R26,0,0,0,0,-999,NA
2017_6,R27,0,0,0,0,-999,NA
2017_6,R28,0,0,0,0,-999,NA
2017_6,R29,0,0,0,0,-999,NA
2017_6,R210,0,0,0,0,-999,NA
2017_6,G21,0,0,0,0,-999,NA
2017_6,G22,0,0,0,0,-999,NA
2017_6,G23,0,0,0,0,-999,NA
2017_6,G24,0,0,0,0,-999,NA
2017_6,G25,0,0,0,0,-999,NA
2017_6,G26,0,0,0,0,-999,NA
2017_6,G27,0,0,0,0,-999,NA
2017_6,G28,0,0,0,0,-999,NA
2017_6,G29,0,0,0,0,-999,NA
2017_6,G210,0,0,0,0,-999,NA
2017_6,E21,0,0,0,0,-999,NA
2017_6,E22,0,0,0,0,-999,NA
2017_6,E23,0,0,0,0,-999,NA
2017_6,E24,0,0,0,0,-999,NA
2017_6,E25,0,0,0,0,-999,NA
2017_6,E26,0,0,0,0,-999,NA
2017_6,E27,0,0,0,0,-999,NA
2017_6,E28,0,0,0,0,-999,NA
2017_6,E29,0,0,0,0,-999,NA
2017_6,E210,0,0,0,0,-999,NA
2017_6,P21,0,0,0,0,-999,NA
2017_6,P22,0,0,0,0,-999,NA
2017_6,P23,0,0,0,0,-999,NA
2017_6,P24,0,0,0,0,-999,NA
2017_6,P25,0,0,0,0,-999,NA
2017_6,P26,0,0,0,0,-999,NA
2017_6,P27,0,0,0,0,-999,NA
2017_6,P28,0,0,0,0,-999,NA
2017_6,P29,0,0,0,0,-999,NA
2017_6,P210,0,0,0,0,-999,NA
2017_6,B21,0,0,0,0,-999,NA
2017_6,B22,0,0,0,0,-999,NA
2017_6,B23,0,0,0,0,-999,NA
2017_6,B24,0,0,0,0,-999,NA
2017_6,B25,0,0,0,0,-999,NA
2017_6,B26,0,0,0,0,-999,NA
2017_6,B27,0,0,0,0,-999,NA
2017_6,B28,0,0,0,0,-999,NA
2017_6,B29,0,0,0,0,-999,NA
2017_6,B210,0,0,0,0,-999,NA
2017_6,R31,0,0,0,0,-999,NA
2017_6,R32,0,0,0,0,-999,NA
2017_6,R33,0,0,0,0,-999,NA
2017_6,R34,0,0,0,0,-999,NA
2017_6,R35,0,0,0,0,-999,NA
2017_6,R36,0,0,0,0,-999,NA
2017_6,R37,0,0,0,0,-999,NA
2017_6,R38,0,0,0,0,-999,NA
2017_6,R39,0,0,0,0,-999,NA
2017_6,R310,0,0,0,0,-999,NA
2017_6,G31,0,0,0,0,-999,NA
2017_6,G32,0,0,0,0,-999,NA
2017_6,G33,0,0,0,0,-999,NA
2017_6,G34,0,0,0,0,-999,NA
2017_6,G35,0,0,0,0,-999,NA
2017_6,G36,0,0,0,0,-999,NA
2017_6,G37,0,0,0,0,-999,NA
2017_6,G38,0,0,0,0,-999,NA
2017_6,G39,0,0,0,0,-999,NA
2017_6,G310,0,0,0,0,-999,NA
2017_6,E31,0,0,0,0,-999,NA
2017_6,E32,0,0,0,0,-999,NA
2017_6,E33,0,0,0,0,-999,NA
2017_6,E34,0,0,0,0,-999,NA
2017_6,E35,0,0,0,0,-999,NA
2017_6,E36,0,0,0,0,-999,NA
2017_6,E37,0,0,0,0,-999,NA
2017_6,E38,0,0,0,0,-999,NA
2017_6,E39,0,0,0,0,-999,NA
2017_6,E310,0,0,0,0,-999,NA
2017_6,P31,0,0,0,0,-999,NA
2017_6,P32,0,0,0,0,-999,NA
2017_6,P33,0,0,0,0,-999,NA
2017_6,P34,0,0,0,0,-999,NA
2017_6,P35,0,0,0,0,-999,NA
2017_6,P36,0,0,0,0,-999,NA
2017_6,P37,0,0,0,0,-999,NA
2017_6,P38,0,0,0,0,-999,NA
2017_6,P39,0,0,0,0,-999,NA
2017_6,P310,0,0,0,0,-999,NA
2017_6,B31,0,0,0,0,-999,NA
2017_6,B32,0,0,0,0,-999,NA
2017_6,B33,0,0,0,0,-999,NA
2017_6,B34,0,0,0,0,-999,NA
2017_6,B35,0,0,0,0,-999,NA
2017_6,B36,0,0,0,0,-999,NA
2017_6,B37,0,0,0,0,-999,NA
2017_6,B38,0,0,0,0,-999,NA
2017_6,B39,0,0,0,0,-999,NA
2017_6,B310,0,0,0,0,-999,NA
2017_7,R41,0,0,0,0,-999,NA
2017_7,R42,0,0,0,0,-999,NA
2017_7,R43,0,0,0,0,-999,SENSOR OK
2017_7,R44,0,0,0,0,-999,NA
2017_7,R45,0,0,0,0,-999,NA
2017_7,R46,0,0,0,0,-999,NA
2017_7,R47,0,0,0,0,-999,NA
2017_7,R48,0,0,0,0,-999,NA
2017_7,R49,3,0,0,0,-999,NA
2017_7,R410,0,0,0,0,-999,NA
2017_7,P41,2,0,0,0,-999,NA
2017_7,P42,0,0,0,0,-999,NA
2017_7,P43,0,0,0,0,-999,NA
2017_7,P44,0,0,0,0,-999,SENSOR OK
2017_7,P45,6,0,0,0,-999,NA
2017_7,P46,1,0,0,0,-999,NA
2017_7,P47,8,0,0,0,-999,NA
2017_7,P48,0,0,0,0,-999,Ojo ver corrección gps
2017_7,P49,0,0,0,0,-999,Ojo ver corrección gps
2017_7,P410,0,0,0,0,-999,Ojo ver corrección gps
2017_7,B41,0,0,0,0,-999,La réplica de este borreguil está muy seca // Muchos restos de  ganado
2017_7,B42,0,0,0,0,-999,NA
2017_7,B43,0,0,0,0,-999,NA
2017_7,B44,0,0,0,0,-999,NA
2017_7,B45,0,0,0,0,-999,NA
2017_7,B46,0,0,0,0,-999,NA
2017_7,B47,0,0,0,0,-999,NA
2017_7,B48,0,0,0,0,-999,NA
2017_7,B49,0,0,0,0,-999,NA
2017_7,B410,0,0,0,0,-999,SENSOR OK
2017_7,R51,0,0,0,0,-999,NA
2017_7,R52,0,0,0,0,-999,NA
2017_7,R53,0,0,0,0,-999,NA
2017_7,R54,0,0,0,0,-999,NA
2017_7,R55,0,0,0,0,-999,NA
2017_7,R56,0,0,0,0,-999,NA
2017_7,R57,0,0,0,0,-999,NA
2017_7,R58,0,0,0,0,-999,NA
2017_7,R59,0,0,0,0,-999,NA
2017_7,R510,0,0,0,0,-999,SENSOR OK
2017_7,P51,0,0,0,0,-999,NA
2017_7,P52,0,0,0,0,-999,NA
2017_7,P53,0,0,0,0,-999,NA
2017_7,P54,0,0,0,0,-999,NA
2017_7,P55,0,0,0,0,-999,NA
2017_7,P56,0,0,0,0,-999,NA
2017_7,P57,0,0,0,0,-999,"La encontramos desplazada de su sitio, y encontramos el clavo. Pero muy pisoteada y cambiadda de sitio"
2017_7,P58,0,0,0,0,-999,SENSOR OK
2017_7,P59,0,0,0,0,-999,NA
2017_7,P510,0,0,0,0,-999,NA
2017_7,B51,0,0,0,0,-999,NA
2017_7,B52,0,0,0,0,-999,NA
2017_7,B53,0,0,0,0,-999,NA
2017_7,B54,0,0,0,0,-999,NA
2017_7,B55,0,0,0,0,-999,NA
2017_7,B56,NA,NA,NA,NA,NA,No se encuentra
2017_7,B57,NA,NA,NA,NA,NA,No se encuentra
2017_7,B58,NA,NA,NA,NA,NA,No se encuentra
2017_7,B59,NA,NA,NA,NA,NA,No se encuentra
2017_7,B510,0,0,0,0,-999,NA
