station,date,variable,value
G18,sp18,emergenceJ,0
G18,su18,emergenceJ,0
G18,au18,emergenceJ,1
G18,sp19,emergenceJ,1
G18,au19,emergenceJ,1
G18,sp20,emergenceJ,1
G18,au20,emergenceJ,1
G14,sp18,emergenceJ,2
G14,su18,emergenceJ,2
G14,au18,emergenceJ,2
G14,sp19,emergenceJ,2
G14,au19,emergenceJ,2
G14,sp20,emergenceJ,2
G14,au20,emergenceJ,2
G15,sp18,emergenceJ,4
G15,su18,emergenceJ,4
G15,au18,emergenceJ,4
G15,sp19,emergenceJ,4
G15,au19,emergenceJ,4
G15,sp20,emergenceJ,4
G15,au20,emergenceJ,4
G16,sp18,emergenceJ,2
G16,su18,emergenceJ,2
G16,au18,emergenceJ,2
G16,sp19,emergenceJ,2
G16,au19,emergenceJ,2
G16,sp20,emergenceJ,2
G16,au20,emergenceJ,2
G17,sp18,emergenceJ,1
G17,su18,emergenceJ,1
G17,au18,emergenceJ,1
G17,sp19,emergenceJ,1
G17,au19,emergenceJ,1
G17,sp20,emergenceJ,1
G17,au20,emergenceJ,1
G110,sp18,emergenceJ,1
G110,su18,emergenceJ,1
G110,au18,emergenceJ,1
G110,sp19,emergenceJ,1
G110,au19,emergenceJ,1
G110,sp20,emergenceJ,1
G110,au20,emergenceJ,1
G210,sp18,emergenceJ,1
G210,su18,emergenceJ,1
G210,au18,emergenceJ,1
G210,sp19,emergenceJ,1
G210,au19,emergenceJ,1
G210,sp20,emergenceJ,1
G210,au20,emergenceJ,1
G31,sp18,emergenceJ,1
G31,su18,emergenceJ,1
G31,au18,emergenceJ,1
G31,sp19,emergenceJ,1
G31,au19,emergenceJ,1
G31,sp20,emergenceJ,1
G31,au20,emergenceJ,1
G33,sp18,emergenceJ,1
G33,su18,emergenceJ,1
G33,au18,emergenceJ,1
G33,sp19,emergenceJ,1
G33,au19,emergenceJ,1
G33,sp20,emergenceJ,1
G33,au20,emergenceJ,1
G34,sp18,emergenceJ,1
G34,su18,emergenceJ,1
G34,au18,emergenceJ,1
G34,sp19,emergenceJ,1
G34,au19,emergenceJ,1
G34,sp20,emergenceJ,1
G34,au20,emergenceJ,1
G32,sp18,emergenceJ,0
G32,su18,emergenceJ,0
G32,au18,emergenceJ,0
G32,sp19,emergenceJ,2
G32,au19,emergenceJ,2
G32,sp20,emergenceJ,2
G32,au20,emergenceJ,2
G21,sp18,emergenceJ,0
G21,su18,emergenceJ,1
G21,au18,emergenceJ,1
G21,sp19,emergenceJ,1
G21,au19,emergenceJ,1
G21,sp20,emergenceJ,1
G21,au20,emergenceJ,1
E21,sp18,emergenceJ,1
E21,su18,emergenceJ,2
E21,au18,emergenceJ,2
E21,sp19,emergenceJ,2
E21,au19,emergenceJ,2
E21,sp20,emergenceJ,2
E21,au20,emergenceJ,2
E24,sp18,emergenceJ,1
E24,su18,emergenceJ,1
E24,au18,emergenceJ,1
E24,sp19,emergenceJ,1
E24,au19,emergenceJ,1
E24,sp20,emergenceJ,1
E24,au20,emergenceJ,1
E32,sp18,emergenceJ,8
E32,su18,emergenceJ,8
E32,au18,emergenceJ,8
E32,sp19,emergenceJ,8
E32,au19,emergenceJ,8
E32,sp20,emergenceJ,8
E32,au20,emergenceJ,8
E36,sp18,emergenceJ,1
E36,su18,emergenceJ,1
E36,au18,emergenceJ,1
E36,sp19,emergenceJ,1
E36,au19,emergenceJ,1
E36,sp20,emergenceJ,1
E36,au20,emergenceJ,1
E310,sp18,emergenceJ,1
E310,su18,emergenceJ,1
E310,au18,emergenceJ,1
E310,sp19,emergenceJ,1
E310,au19,emergenceJ,1
E310,sp20,emergenceJ,1
E310,au20,emergenceJ,1
E14,sp18,emergenceJ,0
E14,su18,emergenceJ,0
E14,au18,emergenceJ,0
E14,sp19,emergenceJ,2
E14,au19,emergenceJ,2
E14,sp20,emergenceJ,2
E14,au20,emergenceJ,2
E110,sp18,emergenceJ,0
E110,su18,emergenceJ,0
E110,au18,emergenceJ,0
E110,sp19,emergenceJ,1
E110,au19,emergenceJ,1
E110,sp20,emergenceJ,1
E110,au20,emergenceJ,1
E31,sp18,emergenceJ,0
E31,su18,emergenceJ,0
E31,au18,emergenceJ,0
E31,sp19,emergenceJ,1
E31,au19,emergenceJ,1
E31,sp20,emergenceJ,1
E31,au20,emergenceJ,1
E19,sp18,emergenceJ,0
E19,su18,emergenceJ,0
E19,au18,emergenceJ,0
E19,sp19,emergenceJ,0
E19,au19,emergenceJ,0
E19,sp20,emergenceJ,1
E19,au20,emergenceJ,1
E23,sp18,emergenceJ,0
E23,su18,emergenceJ,0
E23,au18,emergenceJ,0
E23,sp19,emergenceJ,0
E23,au19,emergenceJ,0
E23,sp20,emergenceJ,1
E23,au20,emergenceJ,1
E13,sp18,emergenceJ,0
E13,su18,emergenceJ,1
E13,au18,emergenceJ,1
E13,sp19,emergenceJ,2
E13,au19,emergenceJ,2
E13,sp20,emergenceJ,2
E13,au20,emergenceJ,2
P310,sp18,emergenceJ,0
P310,su18,emergenceJ,0
P310,au18,emergenceJ,0
P310,sp19,emergenceJ,3
P310,au19,emergenceJ,3
P310,sp20,emergenceJ,3
P310,au20,emergenceJ,3
R12,sp18,emergenceJ,2
R12,su18,emergenceJ,2
R12,au18,emergenceJ,2
R12,sp19,emergenceJ,2
R12,au19,emergenceJ,2
R12,sp20,emergenceJ,2
R12,au20,emergenceJ,2
R14,sp18,emergenceJ,1
R14,su18,emergenceJ,1
R14,au18,emergenceJ,1
R14,sp19,emergenceJ,1
R14,au19,emergenceJ,1
R14,sp20,emergenceJ,1
R14,au20,emergenceJ,1
R17,sp18,emergenceJ,1
R17,su18,emergenceJ,1
R17,au18,emergenceJ,1
R17,sp19,emergenceJ,1
R17,au19,emergenceJ,1
R17,sp20,emergenceJ,1
R17,au20,emergenceJ,1
R22,sp18,emergenceJ,5
R22,su18,emergenceJ,5
R22,au18,emergenceJ,5
R22,sp19,emergenceJ,5
R22,au19,emergenceJ,5
R22,sp20,emergenceJ,5
R22,au20,emergenceJ,5
R24,sp18,emergenceJ,1
R24,su18,emergenceJ,1
R24,au18,emergenceJ,1
R24,sp19,emergenceJ,1
R24,au19,emergenceJ,1
R24,sp20,emergenceJ,1
R24,au20,emergenceJ,1
R26,sp18,emergenceJ,2
R26,su18,emergenceJ,2
R26,au18,emergenceJ,2
R26,sp19,emergenceJ,2
R26,au19,emergenceJ,2
R26,sp20,emergenceJ,2
R26,au20,emergenceJ,2
R34,sp18,emergenceJ,3
R34,su18,emergenceJ,3
R34,au18,emergenceJ,3
R34,sp19,emergenceJ,3
R34,au19,emergenceJ,3
R34,sp20,emergenceJ,3
R34,au20,emergenceJ,3
R35,sp18,emergenceJ,1
R35,su18,emergenceJ,1
R35,au18,emergenceJ,1
R35,sp19,emergenceJ,1
R35,au19,emergenceJ,1
R35,sp20,emergenceJ,1
R35,au20,emergenceJ,1
R36,sp18,emergenceJ,2
R36,su18,emergenceJ,2
R36,au18,emergenceJ,2
R36,sp19,emergenceJ,2
R36,au19,emergenceJ,2
R36,sp20,emergenceJ,2
R36,au20,emergenceJ,2
R38,sp18,emergenceJ,5
R38,su18,emergenceJ,5
R38,au18,emergenceJ,5
R38,sp19,emergenceJ,5
R38,au19,emergenceJ,5
R38,sp20,emergenceJ,5
R38,au20,emergenceJ,5
R41,sp18,emergenceJ,2
R41,su18,emergenceJ,2
R41,au18,emergenceJ,2
R41,sp19,emergenceJ,2
R41,au19,emergenceJ,2
R41,sp20,emergenceJ,2
R41,au20,emergenceJ,2
R42,sp18,emergenceJ,1
R42,su18,emergenceJ,1
R42,au18,emergenceJ,1
R42,sp19,emergenceJ,1
R42,au19,emergenceJ,1
R42,sp20,emergenceJ,1
R42,au20,emergenceJ,1
R45,sp18,emergenceJ,2
R45,su18,emergenceJ,2
R45,au18,emergenceJ,2
R45,sp19,emergenceJ,2
R45,au19,emergenceJ,2
R45,sp20,emergenceJ,2
R45,au20,emergenceJ,2
R52,sp18,emergenceJ,1
R52,su18,emergenceJ,2
R52,au18,emergenceJ,2
R52,sp19,emergenceJ,2
R52,au19,emergenceJ,2
R52,sp20,emergenceJ,2
R52,au20,emergenceJ,2
R56,sp18,emergenceJ,1
R56,su18,emergenceJ,1
R56,au18,emergenceJ,1
R56,sp19,emergenceJ,1
R56,au19,emergenceJ,1
R56,sp20,emergenceJ,1
R56,au20,emergenceJ,1
R510,sp18,emergenceJ,1
R510,su18,emergenceJ,1
R510,au18,emergenceJ,1
R510,sp19,emergenceJ,1
R510,au19,emergenceJ,1
R510,sp20,emergenceJ,1
R510,au20,emergenceJ,1
R11,sp18,emergenceJ,0
R11,su18,emergenceJ,0
R11,au18,emergenceJ,0
R11,sp19,emergenceJ,2
R11,au19,emergenceJ,2
R11,sp20,emergenceJ,2
R11,au20,emergenceJ,2
R51,sp18,emergenceJ,0
R51,su18,emergenceJ,1
R51,au18,emergenceJ,1
R51,sp19,emergenceJ,1
R51,au19,emergenceJ,1
R51,sp20,emergenceJ,1
R51,au20,emergenceJ,1
B21,sp18,emergenceJ,2
B21,su18,emergenceJ,2
B21,au18,emergenceJ,2
B21,sp19,emergenceJ,2
B21,au19,emergenceJ,2
B21,sp20,emergenceJ,2
B21,au20,emergenceJ,2
B23,sp18,emergenceJ,2
B23,su18,emergenceJ,2
B23,au18,emergenceJ,2
B23,sp19,emergenceJ,2
B23,au19,emergenceJ,2
B23,sp20,emergenceJ,2
B23,au20,emergenceJ,2
B31,sp18,emergenceJ,2
B31,su18,emergenceJ,2
B31,au18,emergenceJ,2
B31,sp19,emergenceJ,2
B31,au19,emergenceJ,2
B31,sp20,emergenceJ,2
B31,au20,emergenceJ,2
B33,sp18,emergenceJ,1
B33,su18,emergenceJ,1
B33,au18,emergenceJ,1
B33,sp19,emergenceJ,1
B33,au19,emergenceJ,1
B33,sp20,emergenceJ,1
B33,au20,emergenceJ,1
B34,sp18,emergenceJ,3
B34,su18,emergenceJ,3
B34,au18,emergenceJ,3
B34,sp19,emergenceJ,3
B34,au19,emergenceJ,3
B34,sp20,emergenceJ,3
B34,au20,emergenceJ,3
B38,sp18,emergenceJ,5
B38,su18,emergenceJ,5
B38,au18,emergenceJ,5
B38,sp19,emergenceJ,5
B38,au19,emergenceJ,5
B38,sp20,emergenceJ,5
B38,au20,emergenceJ,5
B43,sp18,emergenceJ,1
B43,su18,emergenceJ,1
B43,au18,emergenceJ,1
B43,sp19,emergenceJ,1
B43,au19,emergenceJ,1
B43,sp20,emergenceJ,1
B43,au20,emergenceJ,1
B48,sp18,emergenceJ,1
B48,su18,emergenceJ,1
B48,au18,emergenceJ,1
B48,sp19,emergenceJ,1
B48,au19,emergenceJ,1
B48,sp20,emergenceJ,1
B48,au20,emergenceJ,1
B410,sp18,emergenceJ,1
B410,su18,emergenceJ,1
B410,au18,emergenceJ,1
B410,sp19,emergenceJ,1
B410,au19,emergenceJ,1
B410,sp20,emergenceJ,1
B410,au20,emergenceJ,1
B510,sp18,emergenceJ,1
B510,su18,emergenceJ,1
B510,au18,emergenceJ,1
B510,sp19,emergenceJ,1
B510,au19,emergenceJ,1
B510,sp20,emergenceJ,1
B510,au20,emergenceJ,1
B39,sp18,emergenceJ,0
B39,su18,emergenceJ,2
B39,au18,emergenceJ,2
B39,sp19,emergenceJ,3
B39,au19,emergenceJ,3
B39,sp20,emergenceJ,3
B39,au20,emergenceJ,3
B51,sp18,emergenceJ,0
B51,su18,emergenceJ,1
B51,au18,emergenceJ,1
B51,sp19,emergenceJ,1
B51,au19,emergenceJ,1
B51,sp20,emergenceJ,1
B51,au20,emergenceJ,1
R13,sp18,emergenceJ,0
R13,su18,emergenceJ,0
R13,au18,emergenceJ,0
R13,sp19,emergenceJ,0
R13,au19,emergenceJ,0
R13,sp20,emergenceJ,0
R13,au20,emergenceJ,0
R15,sp18,emergenceJ,0
R15,su18,emergenceJ,0
R15,au18,emergenceJ,0
R15,sp19,emergenceJ,0
R15,au19,emergenceJ,0
R15,sp20,emergenceJ,0
R15,au20,emergenceJ,0
R16,sp18,emergenceJ,0
R16,su18,emergenceJ,0
R16,au18,emergenceJ,0
R16,sp19,emergenceJ,0
R16,au19,emergenceJ,0
R16,sp20,emergenceJ,0
R16,au20,emergenceJ,0
R18,sp18,emergenceJ,0
R18,su18,emergenceJ,0
R18,au18,emergenceJ,0
R18,sp19,emergenceJ,0
R18,au19,emergenceJ,0
R18,sp20,emergenceJ,0
R18,au20,emergenceJ,0
R19,sp18,emergenceJ,0
R19,su18,emergenceJ,0
R19,au18,emergenceJ,0
R19,sp19,emergenceJ,0
R19,au19,emergenceJ,0
R19,sp20,emergenceJ,0
R19,au20,emergenceJ,0
R110,sp18,emergenceJ,0
R110,su18,emergenceJ,0
R110,au18,emergenceJ,0
R110,sp19,emergenceJ,0
R110,au19,emergenceJ,0
R110,sp20,emergenceJ,0
R110,au20,emergenceJ,0
G11,sp18,emergenceJ,0
G11,su18,emergenceJ,0
G11,au18,emergenceJ,0
G11,sp19,emergenceJ,0
G11,au19,emergenceJ,0
G11,sp20,emergenceJ,0
G11,au20,emergenceJ,0
G12,sp18,emergenceJ,0
G12,su18,emergenceJ,0
G12,au18,emergenceJ,0
G12,sp19,emergenceJ,0
G12,au19,emergenceJ,0
G12,sp20,emergenceJ,0
G12,au20,emergenceJ,0
G13,sp18,emergenceJ,0
G13,su18,emergenceJ,0
G13,au18,emergenceJ,0
G13,sp19,emergenceJ,0
G13,au19,emergenceJ,0
G13,sp20,emergenceJ,0
G13,au20,emergenceJ,0
G19,sp18,emergenceJ,0
G19,su18,emergenceJ,0
G19,au18,emergenceJ,0
G19,sp19,emergenceJ,0
G19,au19,emergenceJ,0
G19,sp20,emergenceJ,0
G19,au20,emergenceJ,0
E11,sp18,emergenceJ,0
E11,su18,emergenceJ,0
E11,au18,emergenceJ,0
E11,sp19,emergenceJ,0
E11,au19,emergenceJ,0
E11,sp20,emergenceJ,0
E11,au20,emergenceJ,0
E12,sp18,emergenceJ,0
E12,su18,emergenceJ,0
E12,au18,emergenceJ,0
E12,sp19,emergenceJ,0
E12,au19,emergenceJ,0
E12,sp20,emergenceJ,0
E12,au20,emergenceJ,0
E15,sp18,emergenceJ,0
E15,su18,emergenceJ,0
E15,au18,emergenceJ,0
E15,sp19,emergenceJ,0
E15,au19,emergenceJ,0
E15,sp20,emergenceJ,0
E15,au20,emergenceJ,0
E16,sp18,emergenceJ,0
E16,su18,emergenceJ,0
E16,au18,emergenceJ,0
E16,sp19,emergenceJ,0
E16,au19,emergenceJ,0
E16,sp20,emergenceJ,0
E16,au20,emergenceJ,0
E17,sp18,emergenceJ,0
E17,su18,emergenceJ,0
E17,au18,emergenceJ,0
E17,sp19,emergenceJ,0
E17,au19,emergenceJ,0
E17,sp20,emergenceJ,0
E17,au20,emergenceJ,0
E18,sp18,emergenceJ,0
E18,su18,emergenceJ,0
E18,au18,emergenceJ,0
E18,sp19,emergenceJ,0
E18,au19,emergenceJ,0
E18,sp20,emergenceJ,0
E18,au20,emergenceJ,0
P11,sp18,emergenceJ,0
P11,su18,emergenceJ,0
P11,au18,emergenceJ,0
P11,sp19,emergenceJ,0
P11,au19,emergenceJ,0
P11,sp20,emergenceJ,0
P11,au20,emergenceJ,0
P12,sp18,emergenceJ,0
P12,su18,emergenceJ,0
P12,au18,emergenceJ,0
P12,sp19,emergenceJ,0
P12,au19,emergenceJ,0
P12,sp20,emergenceJ,0
P12,au20,emergenceJ,0
P13,sp18,emergenceJ,0
P13,su18,emergenceJ,0
P13,au18,emergenceJ,0
P13,sp19,emergenceJ,0
P13,au19,emergenceJ,0
P13,sp20,emergenceJ,0
P13,au20,emergenceJ,0
P14,sp18,emergenceJ,0
P14,su18,emergenceJ,0
P14,au18,emergenceJ,0
P14,sp19,emergenceJ,0
P14,au19,emergenceJ,0
P14,sp20,emergenceJ,0
P14,au20,emergenceJ,0
P15,sp18,emergenceJ,0
P15,su18,emergenceJ,0
P15,au18,emergenceJ,0
P15,sp19,emergenceJ,0
P15,au19,emergenceJ,0
P15,sp20,emergenceJ,0
P15,au20,emergenceJ,0
P16,sp18,emergenceJ,0
P16,su18,emergenceJ,0
P16,au18,emergenceJ,0
P16,sp19,emergenceJ,0
P16,au19,emergenceJ,0
P16,sp20,emergenceJ,0
P16,au20,emergenceJ,0
P17,sp18,emergenceJ,0
P17,su18,emergenceJ,0
P17,au18,emergenceJ,0
P17,sp19,emergenceJ,0
P17,au19,emergenceJ,0
P17,sp20,emergenceJ,0
P17,au20,emergenceJ,0
P18,sp18,emergenceJ,0
P18,su18,emergenceJ,0
P18,au18,emergenceJ,0
P18,sp19,emergenceJ,0
P18,au19,emergenceJ,0
P18,sp20,emergenceJ,0
P18,au20,emergenceJ,0
P19,sp18,emergenceJ,0
P19,su18,emergenceJ,0
P19,au18,emergenceJ,0
P19,sp19,emergenceJ,0
P19,au19,emergenceJ,0
P19,sp20,emergenceJ,0
P19,au20,emergenceJ,0
P110,sp18,emergenceJ,0
P110,su18,emergenceJ,0
P110,au18,emergenceJ,0
P110,sp19,emergenceJ,0
P110,au19,emergenceJ,0
P110,sp20,emergenceJ,0
P110,au20,emergenceJ,0
B11,sp18,emergenceJ,0
B11,su18,emergenceJ,0
B11,au18,emergenceJ,0
B11,sp19,emergenceJ,0
B11,au19,emergenceJ,0
B11,sp20,emergenceJ,0
B11,au20,emergenceJ,0
B12,sp18,emergenceJ,0
B12,su18,emergenceJ,0
B12,au18,emergenceJ,0
B12,sp19,emergenceJ,0
B12,au19,emergenceJ,0
B12,sp20,emergenceJ,0
B12,au20,emergenceJ,0
B13,sp18,emergenceJ,0
B13,su18,emergenceJ,0
B13,au18,emergenceJ,0
B13,sp19,emergenceJ,0
B13,au19,emergenceJ,0
B13,sp20,emergenceJ,0
B13,au20,emergenceJ,0
B14,sp18,emergenceJ,NA
B14,su18,emergenceJ,NA
B14,au18,emergenceJ,NA
B14,sp19,emergenceJ,NA
B14,au19,emergenceJ,NA
B14,sp20,emergenceJ,NA
B14,au20,emergenceJ,NA
B15,sp18,emergenceJ,0
B15,su18,emergenceJ,0
B15,au18,emergenceJ,0
B15,sp19,emergenceJ,0
B15,au19,emergenceJ,0
B15,sp20,emergenceJ,0
B15,au20,emergenceJ,0
B16,sp18,emergenceJ,0
B16,su18,emergenceJ,0
B16,au18,emergenceJ,0
B16,sp19,emergenceJ,0
B16,au19,emergenceJ,0
B16,sp20,emergenceJ,0
B16,au20,emergenceJ,0
B17,sp18,emergenceJ,0
B17,su18,emergenceJ,0
B17,au18,emergenceJ,0
B17,sp19,emergenceJ,0
B17,au19,emergenceJ,0
B17,sp20,emergenceJ,0
B17,au20,emergenceJ,0
B18,sp18,emergenceJ,0
B18,su18,emergenceJ,0
B18,au18,emergenceJ,0
B18,sp19,emergenceJ,0
B18,au19,emergenceJ,0
B18,sp20,emergenceJ,0
B18,au20,emergenceJ,0
B19,sp18,emergenceJ,NA
B19,su18,emergenceJ,NA
B19,au18,emergenceJ,NA
B19,sp19,emergenceJ,NA
B19,au19,emergenceJ,NA
B19,sp20,emergenceJ,NA
B19,au20,emergenceJ,NA
B110,sp18,emergenceJ,0
B110,su18,emergenceJ,0
B110,au18,emergenceJ,0
B110,sp19,emergenceJ,0
B110,au19,emergenceJ,0
B110,sp20,emergenceJ,0
B110,au20,emergenceJ,0
R21,sp18,emergenceJ,0
R21,su18,emergenceJ,0
R21,au18,emergenceJ,0
R21,sp19,emergenceJ,0
R21,au19,emergenceJ,0
R21,sp20,emergenceJ,0
R21,au20,emergenceJ,0
R23,sp18,emergenceJ,0
R23,su18,emergenceJ,0
R23,au18,emergenceJ,0
R23,sp19,emergenceJ,0
R23,au19,emergenceJ,0
R23,sp20,emergenceJ,0
R23,au20,emergenceJ,0
R25,sp18,emergenceJ,0
R25,su18,emergenceJ,0
R25,au18,emergenceJ,0
R25,sp19,emergenceJ,0
R25,au19,emergenceJ,0
R25,sp20,emergenceJ,0
R25,au20,emergenceJ,0
R27,sp18,emergenceJ,0
R27,su18,emergenceJ,0
R27,au18,emergenceJ,0
R27,sp19,emergenceJ,0
R27,au19,emergenceJ,0
R27,sp20,emergenceJ,0
R27,au20,emergenceJ,0
R28,sp18,emergenceJ,0
R28,su18,emergenceJ,0
R28,au18,emergenceJ,0
R28,sp19,emergenceJ,0
R28,au19,emergenceJ,0
R28,sp20,emergenceJ,0
R28,au20,emergenceJ,0
R29,sp18,emergenceJ,0
R29,su18,emergenceJ,0
R29,au18,emergenceJ,0
R29,sp19,emergenceJ,0
R29,au19,emergenceJ,0
R29,sp20,emergenceJ,0
R29,au20,emergenceJ,0
R210,sp18,emergenceJ,0
R210,su18,emergenceJ,0
R210,au18,emergenceJ,0
R210,sp19,emergenceJ,0
R210,au19,emergenceJ,0
R210,sp20,emergenceJ,0
R210,au20,emergenceJ,0
G22,sp18,emergenceJ,0
G22,su18,emergenceJ,0
G22,au18,emergenceJ,0
G22,sp19,emergenceJ,0
G22,au19,emergenceJ,0
G22,sp20,emergenceJ,0
G22,au20,emergenceJ,0
G23,sp18,emergenceJ,0
G23,su18,emergenceJ,0
G23,au18,emergenceJ,0
G23,sp19,emergenceJ,0
G23,au19,emergenceJ,0
G23,sp20,emergenceJ,0
G23,au20,emergenceJ,0
G24,sp18,emergenceJ,0
G24,su18,emergenceJ,0
G24,au18,emergenceJ,0
G24,sp19,emergenceJ,0
G24,au19,emergenceJ,0
G24,sp20,emergenceJ,0
G24,au20,emergenceJ,0
G25,sp18,emergenceJ,0
G25,su18,emergenceJ,0
G25,au18,emergenceJ,0
G25,sp19,emergenceJ,0
G25,au19,emergenceJ,0
G25,sp20,emergenceJ,0
G25,au20,emergenceJ,0
G26,sp18,emergenceJ,0
G26,su18,emergenceJ,0
G26,au18,emergenceJ,0
G26,sp19,emergenceJ,0
G26,au19,emergenceJ,0
G26,sp20,emergenceJ,0
G26,au20,emergenceJ,0
G27,sp18,emergenceJ,0
G27,su18,emergenceJ,0
G27,au18,emergenceJ,0
G27,sp19,emergenceJ,0
G27,au19,emergenceJ,0
G27,sp20,emergenceJ,0
G27,au20,emergenceJ,0
G28,sp18,emergenceJ,0
G28,su18,emergenceJ,0
G28,au18,emergenceJ,0
G28,sp19,emergenceJ,0
G28,au19,emergenceJ,0
G28,sp20,emergenceJ,0
G28,au20,emergenceJ,0
G29,sp18,emergenceJ,0
G29,su18,emergenceJ,0
G29,au18,emergenceJ,0
G29,sp19,emergenceJ,0
G29,au19,emergenceJ,0
G29,sp20,emergenceJ,0
G29,au20,emergenceJ,0
E22,sp18,emergenceJ,0
E22,su18,emergenceJ,0
E22,au18,emergenceJ,0
E22,sp19,emergenceJ,0
E22,au19,emergenceJ,0
E22,sp20,emergenceJ,0
E22,au20,emergenceJ,0
E25,sp18,emergenceJ,0
E25,su18,emergenceJ,0
E25,au18,emergenceJ,0
E25,sp19,emergenceJ,0
E25,au19,emergenceJ,0
E25,sp20,emergenceJ,0
E25,au20,emergenceJ,0
E26,sp18,emergenceJ,0
E26,su18,emergenceJ,0
E26,au18,emergenceJ,0
E26,sp19,emergenceJ,0
E26,au19,emergenceJ,0
E26,sp20,emergenceJ,0
E26,au20,emergenceJ,0
E27,sp18,emergenceJ,0
E27,su18,emergenceJ,0
E27,au18,emergenceJ,0
E27,sp19,emergenceJ,0
E27,au19,emergenceJ,0
E27,sp20,emergenceJ,0
E27,au20,emergenceJ,0
E28,sp18,emergenceJ,0
E28,su18,emergenceJ,0
E28,au18,emergenceJ,0
E28,sp19,emergenceJ,0
E28,au19,emergenceJ,0
E28,sp20,emergenceJ,0
E28,au20,emergenceJ,0
E29,sp18,emergenceJ,0
E29,su18,emergenceJ,0
E29,au18,emergenceJ,0
E29,sp19,emergenceJ,0
E29,au19,emergenceJ,0
E29,sp20,emergenceJ,0
E29,au20,emergenceJ,0
E210,sp18,emergenceJ,0
E210,su18,emergenceJ,0
E210,au18,emergenceJ,0
E210,sp19,emergenceJ,0
E210,au19,emergenceJ,0
E210,sp20,emergenceJ,0
E210,au20,emergenceJ,0
P21,sp18,emergenceJ,0
P21,su18,emergenceJ,0
P21,au18,emergenceJ,0
P21,sp19,emergenceJ,0
P21,au19,emergenceJ,0
P21,sp20,emergenceJ,0
P21,au20,emergenceJ,0
P22,sp18,emergenceJ,0
P22,su18,emergenceJ,0
P22,au18,emergenceJ,0
P22,sp19,emergenceJ,0
P22,au19,emergenceJ,0
P22,sp20,emergenceJ,0
P22,au20,emergenceJ,0
P23,sp18,emergenceJ,0
P23,su18,emergenceJ,0
P23,au18,emergenceJ,0
P23,sp19,emergenceJ,0
P23,au19,emergenceJ,0
P23,sp20,emergenceJ,0
P23,au20,emergenceJ,0
P24,sp18,emergenceJ,0
P24,su18,emergenceJ,0
P24,au18,emergenceJ,0
P24,sp19,emergenceJ,0
P24,au19,emergenceJ,0
P24,sp20,emergenceJ,0
P24,au20,emergenceJ,0
P25,sp18,emergenceJ,0
P25,su18,emergenceJ,0
P25,au18,emergenceJ,0
P25,sp19,emergenceJ,0
P25,au19,emergenceJ,0
P25,sp20,emergenceJ,0
P25,au20,emergenceJ,0
P26,sp18,emergenceJ,NA
P26,su18,emergenceJ,NA
P26,au18,emergenceJ,NA
P26,sp19,emergenceJ,NA
P26,au19,emergenceJ,NA
P26,sp20,emergenceJ,NA
P26,au20,emergenceJ,NA
P27,sp18,emergenceJ,0
P27,su18,emergenceJ,0
P27,au18,emergenceJ,0
P27,sp19,emergenceJ,0
P27,au19,emergenceJ,0
P27,sp20,emergenceJ,0
P27,au20,emergenceJ,0
P28,sp18,emergenceJ,NA
P28,su18,emergenceJ,NA
P28,au18,emergenceJ,NA
P28,sp19,emergenceJ,NA
P28,au19,emergenceJ,NA
P28,sp20,emergenceJ,NA
P28,au20,emergenceJ,NA
P29,sp18,emergenceJ,0
P29,su18,emergenceJ,0
P29,au18,emergenceJ,0
P29,sp19,emergenceJ,0
P29,au19,emergenceJ,0
P29,sp20,emergenceJ,0
P29,au20,emergenceJ,0
P210,sp18,emergenceJ,NA
P210,su18,emergenceJ,NA
P210,au18,emergenceJ,NA
P210,sp19,emergenceJ,NA
P210,au19,emergenceJ,NA
P210,sp20,emergenceJ,NA
P210,au20,emergenceJ,NA
B22,sp18,emergenceJ,0
B22,su18,emergenceJ,0
B22,au18,emergenceJ,0
B22,sp19,emergenceJ,0
B22,au19,emergenceJ,0
B22,sp20,emergenceJ,0
B22,au20,emergenceJ,0
B24,sp18,emergenceJ,0
B24,su18,emergenceJ,0
B24,au18,emergenceJ,0
B24,sp19,emergenceJ,0
B24,au19,emergenceJ,0
B24,sp20,emergenceJ,0
B24,au20,emergenceJ,0
B25,sp18,emergenceJ,0
B25,su18,emergenceJ,0
B25,au18,emergenceJ,0
B25,sp19,emergenceJ,0
B25,au19,emergenceJ,0
B25,sp20,emergenceJ,0
B25,au20,emergenceJ,0
B26,sp18,emergenceJ,0
B26,su18,emergenceJ,0
B26,au18,emergenceJ,0
B26,sp19,emergenceJ,0
B26,au19,emergenceJ,0
B26,sp20,emergenceJ,0
B26,au20,emergenceJ,0
B27,sp18,emergenceJ,0
B27,su18,emergenceJ,0
B27,au18,emergenceJ,0
B27,sp19,emergenceJ,0
B27,au19,emergenceJ,0
B27,sp20,emergenceJ,0
B27,au20,emergenceJ,0
B28,sp18,emergenceJ,0
B28,su18,emergenceJ,0
B28,au18,emergenceJ,0
B28,sp19,emergenceJ,0
B28,au19,emergenceJ,0
B28,sp20,emergenceJ,0
B28,au20,emergenceJ,0
B29,sp18,emergenceJ,0
B29,su18,emergenceJ,0
B29,au18,emergenceJ,0
B29,sp19,emergenceJ,0
B29,au19,emergenceJ,0
B29,sp20,emergenceJ,0
B29,au20,emergenceJ,0
B210,sp18,emergenceJ,0
B210,su18,emergenceJ,0
B210,au18,emergenceJ,0
B210,sp19,emergenceJ,0
B210,au19,emergenceJ,0
B210,sp20,emergenceJ,0
B210,au20,emergenceJ,0
R31,sp18,emergenceJ,0
R31,su18,emergenceJ,0
R31,au18,emergenceJ,0
R31,sp19,emergenceJ,0
R31,au19,emergenceJ,0
R31,sp20,emergenceJ,0
R31,au20,emergenceJ,0
R32,sp18,emergenceJ,0
R32,su18,emergenceJ,0
R32,au18,emergenceJ,0
R32,sp19,emergenceJ,0
R32,au19,emergenceJ,0
R32,sp20,emergenceJ,0
R32,au20,emergenceJ,0
R33,sp18,emergenceJ,0
R33,su18,emergenceJ,0
R33,au18,emergenceJ,0
R33,sp19,emergenceJ,0
R33,au19,emergenceJ,0
R33,sp20,emergenceJ,0
R33,au20,emergenceJ,0
R37,sp18,emergenceJ,0
R37,su18,emergenceJ,0
R37,au18,emergenceJ,0
R37,sp19,emergenceJ,0
R37,au19,emergenceJ,0
R37,sp20,emergenceJ,0
R37,au20,emergenceJ,0
R39,sp18,emergenceJ,0
R39,su18,emergenceJ,0
R39,au18,emergenceJ,0
R39,sp19,emergenceJ,0
R39,au19,emergenceJ,0
R39,sp20,emergenceJ,0
R39,au20,emergenceJ,0
R310,sp18,emergenceJ,0
R310,su18,emergenceJ,0
R310,au18,emergenceJ,0
R310,sp19,emergenceJ,0
R310,au19,emergenceJ,0
R310,sp20,emergenceJ,0
R310,au20,emergenceJ,0
G35,sp18,emergenceJ,0
G35,su18,emergenceJ,0
G35,au18,emergenceJ,0
G35,sp19,emergenceJ,0
G35,au19,emergenceJ,0
G35,sp20,emergenceJ,0
G35,au20,emergenceJ,0
G36,sp18,emergenceJ,0
G36,su18,emergenceJ,0
G36,au18,emergenceJ,0
G36,sp19,emergenceJ,0
G36,au19,emergenceJ,0
G36,sp20,emergenceJ,0
G36,au20,emergenceJ,0
G37,sp18,emergenceJ,0
G37,su18,emergenceJ,0
G37,au18,emergenceJ,0
G37,sp19,emergenceJ,0
G37,au19,emergenceJ,0
G37,sp20,emergenceJ,0
G37,au20,emergenceJ,0
G38,sp18,emergenceJ,0
G38,su18,emergenceJ,0
G38,au18,emergenceJ,0
G38,sp19,emergenceJ,0
G38,au19,emergenceJ,0
G38,sp20,emergenceJ,0
G38,au20,emergenceJ,0
G39,sp18,emergenceJ,0
G39,su18,emergenceJ,0
G39,au18,emergenceJ,0
G39,sp19,emergenceJ,0
G39,au19,emergenceJ,0
G39,sp20,emergenceJ,0
G39,au20,emergenceJ,0
G310,sp18,emergenceJ,0
G310,su18,emergenceJ,0
G310,au18,emergenceJ,0
G310,sp19,emergenceJ,0
G310,au19,emergenceJ,0
G310,sp20,emergenceJ,0
G310,au20,emergenceJ,0
E33,sp18,emergenceJ,0
E33,su18,emergenceJ,0
E33,au18,emergenceJ,0
E33,sp19,emergenceJ,0
E33,au19,emergenceJ,0
E33,sp20,emergenceJ,0
E33,au20,emergenceJ,0
E34,sp18,emergenceJ,0
E34,su18,emergenceJ,0
E34,au18,emergenceJ,0
E34,sp19,emergenceJ,0
E34,au19,emergenceJ,0
E34,sp20,emergenceJ,0
E34,au20,emergenceJ,0
E35,sp18,emergenceJ,0
E35,su18,emergenceJ,0
E35,au18,emergenceJ,0
E35,sp19,emergenceJ,0
E35,au19,emergenceJ,0
E35,sp20,emergenceJ,0
E35,au20,emergenceJ,0
E37,sp18,emergenceJ,0
E37,su18,emergenceJ,0
E37,au18,emergenceJ,0
E37,sp19,emergenceJ,0
E37,au19,emergenceJ,0
E37,sp20,emergenceJ,0
E37,au20,emergenceJ,0
E38,sp18,emergenceJ,0
E38,su18,emergenceJ,0
E38,au18,emergenceJ,0
E38,sp19,emergenceJ,0
E38,au19,emergenceJ,0
E38,sp20,emergenceJ,0
E38,au20,emergenceJ,0
E39,sp18,emergenceJ,0
E39,su18,emergenceJ,0
E39,au18,emergenceJ,0
E39,sp19,emergenceJ,0
E39,au19,emergenceJ,0
E39,sp20,emergenceJ,0
E39,au20,emergenceJ,0
P31,sp18,emergenceJ,0
P31,su18,emergenceJ,0
P31,au18,emergenceJ,0
P31,sp19,emergenceJ,0
P31,au19,emergenceJ,0
P31,sp20,emergenceJ,0
P31,au20,emergenceJ,0
P32,sp18,emergenceJ,0
P32,su18,emergenceJ,0
P32,au18,emergenceJ,0
P32,sp19,emergenceJ,0
P32,au19,emergenceJ,0
P32,sp20,emergenceJ,0
P32,au20,emergenceJ,0
P33,sp18,emergenceJ,0
P33,su18,emergenceJ,0
P33,au18,emergenceJ,0
P33,sp19,emergenceJ,0
P33,au19,emergenceJ,0
P33,sp20,emergenceJ,0
P33,au20,emergenceJ,0
P34,sp18,emergenceJ,0
P34,su18,emergenceJ,0
P34,au18,emergenceJ,0
P34,sp19,emergenceJ,0
P34,au19,emergenceJ,0
P34,sp20,emergenceJ,0
P34,au20,emergenceJ,0
P35,sp18,emergenceJ,0
P35,su18,emergenceJ,0
P35,au18,emergenceJ,0
P35,sp19,emergenceJ,0
P35,au19,emergenceJ,0
P35,sp20,emergenceJ,0
P35,au20,emergenceJ,0
P36,sp18,emergenceJ,0
P36,su18,emergenceJ,0
P36,au18,emergenceJ,0
P36,sp19,emergenceJ,0
P36,au19,emergenceJ,0
P36,sp20,emergenceJ,0
P36,au20,emergenceJ,0
P37,sp18,emergenceJ,NA
P37,su18,emergenceJ,NA
P37,au18,emergenceJ,NA
P37,sp19,emergenceJ,NA
P37,au19,emergenceJ,NA
P37,sp20,emergenceJ,NA
P37,au20,emergenceJ,NA
P38,sp18,emergenceJ,0
P38,su18,emergenceJ,0
P38,au18,emergenceJ,0
P38,sp19,emergenceJ,0
P38,au19,emergenceJ,0
P38,sp20,emergenceJ,0
P38,au20,emergenceJ,0
P39,sp18,emergenceJ,0
P39,su18,emergenceJ,0
P39,au18,emergenceJ,0
P39,sp19,emergenceJ,0
P39,au19,emergenceJ,0
P39,sp20,emergenceJ,0
P39,au20,emergenceJ,0
B32,sp18,emergenceJ,0
B32,su18,emergenceJ,0
B32,au18,emergenceJ,0
B32,sp19,emergenceJ,0
B32,au19,emergenceJ,0
B32,sp20,emergenceJ,0
B32,au20,emergenceJ,0
B35,sp18,emergenceJ,0
B35,su18,emergenceJ,0
B35,au18,emergenceJ,0
B35,sp19,emergenceJ,0
B35,au19,emergenceJ,0
B35,sp20,emergenceJ,0
B35,au20,emergenceJ,0
B36,sp18,emergenceJ,0
B36,su18,emergenceJ,0
B36,au18,emergenceJ,0
B36,sp19,emergenceJ,0
B36,au19,emergenceJ,0
B36,sp20,emergenceJ,0
B36,au20,emergenceJ,0
B37,sp18,emergenceJ,0
B37,su18,emergenceJ,0
B37,au18,emergenceJ,0
B37,sp19,emergenceJ,0
B37,au19,emergenceJ,0
B37,sp20,emergenceJ,0
B37,au20,emergenceJ,0
B310,sp18,emergenceJ,0
B310,su18,emergenceJ,0
B310,au18,emergenceJ,0
B310,sp19,emergenceJ,0
B310,au19,emergenceJ,0
B310,sp20,emergenceJ,0
B310,au20,emergenceJ,0
R43,sp18,emergenceJ,0
R43,su18,emergenceJ,0
R43,au18,emergenceJ,0
R43,sp19,emergenceJ,0
R43,au19,emergenceJ,0
R43,sp20,emergenceJ,0
R43,au20,emergenceJ,0
R44,sp18,emergenceJ,0
R44,su18,emergenceJ,0
R44,au18,emergenceJ,0
R44,sp19,emergenceJ,0
R44,au19,emergenceJ,0
R44,sp20,emergenceJ,0
R44,au20,emergenceJ,0
R46,sp18,emergenceJ,0
R46,su18,emergenceJ,0
R46,au18,emergenceJ,0
R46,sp19,emergenceJ,0
R46,au19,emergenceJ,0
R46,sp20,emergenceJ,0
R46,au20,emergenceJ,0
R47,sp18,emergenceJ,0
R47,su18,emergenceJ,0
R47,au18,emergenceJ,0
R47,sp19,emergenceJ,0
R47,au19,emergenceJ,0
R47,sp20,emergenceJ,0
R47,au20,emergenceJ,0
R48,sp18,emergenceJ,0
R48,su18,emergenceJ,0
R48,au18,emergenceJ,0
R48,sp19,emergenceJ,0
R48,au19,emergenceJ,0
R48,sp20,emergenceJ,0
R48,au20,emergenceJ,0
R49,sp18,emergenceJ,0
R49,su18,emergenceJ,0
R49,au18,emergenceJ,0
R49,sp19,emergenceJ,0
R49,au19,emergenceJ,0
R49,sp20,emergenceJ,0
R49,au20,emergenceJ,0
R410,sp18,emergenceJ,0
R410,su18,emergenceJ,0
R410,au18,emergenceJ,0
R410,sp19,emergenceJ,0
R410,au19,emergenceJ,0
R410,sp20,emergenceJ,0
R410,au20,emergenceJ,0
P41,sp18,emergenceJ,0
P41,su18,emergenceJ,0
P41,au18,emergenceJ,0
P41,sp19,emergenceJ,0
P41,au19,emergenceJ,0
P41,sp20,emergenceJ,0
P41,au20,emergenceJ,0
P42,sp18,emergenceJ,0
P42,su18,emergenceJ,0
P42,au18,emergenceJ,0
P42,sp19,emergenceJ,0
P42,au19,emergenceJ,0
P42,sp20,emergenceJ,0
P42,au20,emergenceJ,0
P43,sp18,emergenceJ,0
P43,su18,emergenceJ,0
P43,au18,emergenceJ,0
P43,sp19,emergenceJ,0
P43,au19,emergenceJ,0
P43,sp20,emergenceJ,0
P43,au20,emergenceJ,0
P44,sp18,emergenceJ,0
P44,su18,emergenceJ,0
P44,au18,emergenceJ,0
P44,sp19,emergenceJ,0
P44,au19,emergenceJ,0
P44,sp20,emergenceJ,0
P44,au20,emergenceJ,0
P45,sp18,emergenceJ,0
P45,su18,emergenceJ,0
P45,au18,emergenceJ,0
P45,sp19,emergenceJ,0
P45,au19,emergenceJ,0
P45,sp20,emergenceJ,0
P45,au20,emergenceJ,0
P46,sp18,emergenceJ,0
P46,su18,emergenceJ,0
P46,au18,emergenceJ,0
P46,sp19,emergenceJ,0
P46,au19,emergenceJ,0
P46,sp20,emergenceJ,0
P46,au20,emergenceJ,0
P47,sp18,emergenceJ,0
P47,su18,emergenceJ,0
P47,au18,emergenceJ,0
P47,sp19,emergenceJ,0
P47,au19,emergenceJ,0
P47,sp20,emergenceJ,0
P47,au20,emergenceJ,0
P48,sp18,emergenceJ,0
P48,su18,emergenceJ,0
P48,au18,emergenceJ,0
P48,sp19,emergenceJ,0
P48,au19,emergenceJ,0
P48,sp20,emergenceJ,0
P48,au20,emergenceJ,0
P49,sp18,emergenceJ,0
P49,su18,emergenceJ,0
P49,au18,emergenceJ,0
P49,sp19,emergenceJ,0
P49,au19,emergenceJ,0
P49,sp20,emergenceJ,0
P49,au20,emergenceJ,0
P410,sp18,emergenceJ,0
P410,su18,emergenceJ,0
P410,au18,emergenceJ,0
P410,sp19,emergenceJ,0
P410,au19,emergenceJ,0
P410,sp20,emergenceJ,0
P410,au20,emergenceJ,0
B41,sp18,emergenceJ,0
B41,su18,emergenceJ,0
B41,au18,emergenceJ,0
B41,sp19,emergenceJ,0
B41,au19,emergenceJ,0
B41,sp20,emergenceJ,0
B41,au20,emergenceJ,0
B42,sp18,emergenceJ,0
B42,su18,emergenceJ,0
B42,au18,emergenceJ,0
B42,sp19,emergenceJ,0
B42,au19,emergenceJ,0
B42,sp20,emergenceJ,0
B42,au20,emergenceJ,0
B44,sp18,emergenceJ,0
B44,su18,emergenceJ,0
B44,au18,emergenceJ,0
B44,sp19,emergenceJ,0
B44,au19,emergenceJ,0
B44,sp20,emergenceJ,0
B44,au20,emergenceJ,0
B45,sp18,emergenceJ,0
B45,su18,emergenceJ,0
B45,au18,emergenceJ,0
B45,sp19,emergenceJ,0
B45,au19,emergenceJ,0
B45,sp20,emergenceJ,0
B45,au20,emergenceJ,0
B46,sp18,emergenceJ,0
B46,su18,emergenceJ,0
B46,au18,emergenceJ,0
B46,sp19,emergenceJ,0
B46,au19,emergenceJ,0
B46,sp20,emergenceJ,0
B46,au20,emergenceJ,0
B47,sp18,emergenceJ,0
B47,su18,emergenceJ,0
B47,au18,emergenceJ,0
B47,sp19,emergenceJ,0
B47,au19,emergenceJ,0
B47,sp20,emergenceJ,0
B47,au20,emergenceJ,0
B49,sp18,emergenceJ,0
B49,su18,emergenceJ,0
B49,au18,emergenceJ,0
B49,sp19,emergenceJ,0
B49,au19,emergenceJ,0
B49,sp20,emergenceJ,0
B49,au20,emergenceJ,0
R53,sp18,emergenceJ,0
R53,su18,emergenceJ,0
R53,au18,emergenceJ,0
R53,sp19,emergenceJ,0
R53,au19,emergenceJ,0
R53,sp20,emergenceJ,0
R53,au20,emergenceJ,0
R54,sp18,emergenceJ,0
R54,su18,emergenceJ,0
R54,au18,emergenceJ,0
R54,sp19,emergenceJ,0
R54,au19,emergenceJ,0
R54,sp20,emergenceJ,0
R54,au20,emergenceJ,0
R55,sp18,emergenceJ,0
R55,su18,emergenceJ,0
R55,au18,emergenceJ,0
R55,sp19,emergenceJ,0
R55,au19,emergenceJ,0
R55,sp20,emergenceJ,0
R55,au20,emergenceJ,0
R57,sp18,emergenceJ,0
R57,su18,emergenceJ,0
R57,au18,emergenceJ,0
R57,sp19,emergenceJ,0
R57,au19,emergenceJ,0
R57,sp20,emergenceJ,0
R57,au20,emergenceJ,0
R58,sp18,emergenceJ,0
R58,su18,emergenceJ,0
R58,au18,emergenceJ,0
R58,sp19,emergenceJ,0
R58,au19,emergenceJ,0
R58,sp20,emergenceJ,0
R58,au20,emergenceJ,0
R59,sp18,emergenceJ,0
R59,su18,emergenceJ,0
R59,au18,emergenceJ,0
R59,sp19,emergenceJ,0
R59,au19,emergenceJ,0
R59,sp20,emergenceJ,0
R59,au20,emergenceJ,0
P51,sp18,emergenceJ,0
P51,su18,emergenceJ,0
P51,au18,emergenceJ,0
P51,sp19,emergenceJ,0
P51,au19,emergenceJ,0
P51,sp20,emergenceJ,0
P51,au20,emergenceJ,0
P52,sp18,emergenceJ,NA
P52,su18,emergenceJ,NA
P52,au18,emergenceJ,NA
P52,sp19,emergenceJ,NA
P52,au19,emergenceJ,NA
P52,sp20,emergenceJ,NA
P52,au20,emergenceJ,NA
P53,sp18,emergenceJ,0
P53,su18,emergenceJ,0
P53,au18,emergenceJ,0
P53,sp19,emergenceJ,0
P53,au19,emergenceJ,0
P53,sp20,emergenceJ,0
P53,au20,emergenceJ,0
P54,sp18,emergenceJ,0
P54,su18,emergenceJ,0
P54,au18,emergenceJ,0
P54,sp19,emergenceJ,0
P54,au19,emergenceJ,0
P54,sp20,emergenceJ,0
P54,au20,emergenceJ,0
P55,sp18,emergenceJ,0
P55,su18,emergenceJ,0
P55,au18,emergenceJ,0
P55,sp19,emergenceJ,0
P55,au19,emergenceJ,0
P55,sp20,emergenceJ,0
P55,au20,emergenceJ,0
P56,sp18,emergenceJ,0
P56,su18,emergenceJ,0
P56,au18,emergenceJ,0
P56,sp19,emergenceJ,0
P56,au19,emergenceJ,0
P56,sp20,emergenceJ,0
P56,au20,emergenceJ,0
P57,sp18,emergenceJ,0
P57,su18,emergenceJ,0
P57,au18,emergenceJ,0
P57,sp19,emergenceJ,0
P57,au19,emergenceJ,0
P57,sp20,emergenceJ,0
P57,au20,emergenceJ,0
P58,sp18,emergenceJ,0
P58,su18,emergenceJ,0
P58,au18,emergenceJ,0
P58,sp19,emergenceJ,0
P58,au19,emergenceJ,0
P58,sp20,emergenceJ,0
P58,au20,emergenceJ,0
P59,sp18,emergenceJ,0
P59,su18,emergenceJ,0
P59,au18,emergenceJ,0
P59,sp19,emergenceJ,0
P59,au19,emergenceJ,0
P59,sp20,emergenceJ,0
P59,au20,emergenceJ,0
P510,sp18,emergenceJ,0
P510,su18,emergenceJ,0
P510,au18,emergenceJ,0
P510,sp19,emergenceJ,0
P510,au19,emergenceJ,0
P510,sp20,emergenceJ,0
P510,au20,emergenceJ,0
B52,sp18,emergenceJ,0
B52,su18,emergenceJ,0
B52,au18,emergenceJ,0
B52,sp19,emergenceJ,0
B52,au19,emergenceJ,0
B52,sp20,emergenceJ,0
B52,au20,emergenceJ,0
B53,sp18,emergenceJ,0
B53,su18,emergenceJ,0
B53,au18,emergenceJ,0
B53,sp19,emergenceJ,0
B53,au19,emergenceJ,0
B53,sp20,emergenceJ,0
B53,au20,emergenceJ,0
B54,sp18,emergenceJ,0
B54,su18,emergenceJ,0
B54,au18,emergenceJ,0
B54,sp19,emergenceJ,0
B54,au19,emergenceJ,0
B54,sp20,emergenceJ,0
B54,au20,emergenceJ,0
B55,sp18,emergenceJ,NA
B55,su18,emergenceJ,NA
B55,au18,emergenceJ,NA
B55,sp19,emergenceJ,NA
B55,au19,emergenceJ,NA
B55,sp20,emergenceJ,NA
B55,au20,emergenceJ,NA
B56,sp18,emergenceJ,0
B56,su18,emergenceJ,0
B56,au18,emergenceJ,0
B56,sp19,emergenceJ,0
B56,au19,emergenceJ,0
B56,sp20,emergenceJ,0
B56,au20,emergenceJ,0
B57,sp18,emergenceJ,0
B57,su18,emergenceJ,0
B57,au18,emergenceJ,0
B57,sp19,emergenceJ,0
B57,au19,emergenceJ,0
B57,sp20,emergenceJ,0
B57,au20,emergenceJ,0
B58,sp18,emergenceJ,NA
B58,su18,emergenceJ,NA
B58,au18,emergenceJ,NA
B58,sp19,emergenceJ,NA
B58,au19,emergenceJ,NA
B58,sp20,emergenceJ,NA
B58,au20,emergenceJ,NA
B59,sp18,emergenceJ,0
B59,su18,emergenceJ,0
B59,au18,emergenceJ,0
B59,sp19,emergenceJ,0
B59,au19,emergenceJ,0
B59,sp20,emergenceJ,0
B59,au20,emergenceJ,0
B11,sp18,emergenceB,0
B11,su18,emergenceB,0
B11,au18,emergenceB,0
B11,sp19,emergenceB,0
B11,au19,emergenceB,0
B11,sp20,emergenceB,0
B11,au20,emergenceB,0
B110,sp18,emergenceB,3
B110,su18,emergenceB,3
B110,au18,emergenceB,3
B110,sp19,emergenceB,3
B110,au19,emergenceB,3
B110,sp20,emergenceB,3
B110,au20,emergenceB,3
B12,sp18,emergenceB,5
B12,su18,emergenceB,5
B12,au18,emergenceB,5
B12,sp19,emergenceB,5
B12,au19,emergenceB,5
B12,sp20,emergenceB,5
B12,au20,emergenceB,5
B13,sp18,emergenceB,0
B13,su18,emergenceB,5
B13,au18,emergenceB,5
B13,sp19,emergenceB,5
B13,au19,emergenceB,5
B13,sp20,emergenceB,5
B13,au20,emergenceB,5
B14,sp18,emergenceB,NA
B14,su18,emergenceB,NA
B14,au18,emergenceB,NA
B14,sp19,emergenceB,NA
B14,au19,emergenceB,NA
B14,sp20,emergenceB,NA
B14,au20,emergenceB,NA
B15,sp18,emergenceB,4
B15,su18,emergenceB,4
B15,au18,emergenceB,4
B15,sp19,emergenceB,4
B15,au19,emergenceB,4
B15,sp20,emergenceB,4
B15,au20,emergenceB,4
B16,sp18,emergenceB,3
B16,su18,emergenceB,3
B16,au18,emergenceB,3
B16,sp19,emergenceB,3
B16,au19,emergenceB,3
B16,sp20,emergenceB,3
B16,au20,emergenceB,3
B17,sp18,emergenceB,0
B17,su18,emergenceB,0
B17,au18,emergenceB,2
B17,sp19,emergenceB,2
B17,au19,emergenceB,2
B17,sp20,emergenceB,2
B17,au20,emergenceB,2
B18,sp18,emergenceB,3
B18,su18,emergenceB,3
B18,au18,emergenceB,3
B18,sp19,emergenceB,3
B18,au19,emergenceB,3
B18,sp20,emergenceB,4
B18,au20,emergenceB,4
B19,sp18,emergenceB,NA
B19,su18,emergenceB,NA
B19,au18,emergenceB,NA
B19,sp19,emergenceB,NA
B19,au19,emergenceB,NA
B19,sp20,emergenceB,NA
B19,au20,emergenceB,NA
B21,sp18,emergenceB,2
B21,su18,emergenceB,2
B21,au18,emergenceB,2
B21,sp19,emergenceB,2
B21,au19,emergenceB,2
B21,sp20,emergenceB,2
B21,au20,emergenceB,2
B210,sp18,emergenceB,0
B210,su18,emergenceB,0
B210,au18,emergenceB,0
B210,sp19,emergenceB,0
B210,au19,emergenceB,0
B210,sp20,emergenceB,0
B210,au20,emergenceB,0
B22,sp18,emergenceB,0
B22,su18,emergenceB,0
B22,au18,emergenceB,0
B22,sp19,emergenceB,0
B22,au19,emergenceB,0
B22,sp20,emergenceB,0
B22,au20,emergenceB,0
B23,sp18,emergenceB,1
B23,su18,emergenceB,1
B23,au18,emergenceB,1
B23,sp19,emergenceB,2
B23,au19,emergenceB,2
B23,sp20,emergenceB,2
B23,au20,emergenceB,2
B24,sp18,emergenceB,0
B24,su18,emergenceB,0
B24,au18,emergenceB,0
B24,sp19,emergenceB,0
B24,au19,emergenceB,0
B24,sp20,emergenceB,0
B24,au20,emergenceB,0
B25,sp18,emergenceB,0
B25,su18,emergenceB,0
B25,au18,emergenceB,0
B25,sp19,emergenceB,0
B25,au19,emergenceB,0
B25,sp20,emergenceB,0
B25,au20,emergenceB,0
B26,sp18,emergenceB,0
B26,su18,emergenceB,0
B26,au18,emergenceB,0
B26,sp19,emergenceB,1
B26,au19,emergenceB,1
B26,sp20,emergenceB,1
B26,au20,emergenceB,1
B27,sp18,emergenceB,3
B27,su18,emergenceB,3
B27,au18,emergenceB,3
B27,sp19,emergenceB,3
B27,au19,emergenceB,3
B27,sp20,emergenceB,3
B27,au20,emergenceB,3
B28,sp18,emergenceB,2
B28,su18,emergenceB,2
B28,au18,emergenceB,2
B28,sp19,emergenceB,2
B28,au19,emergenceB,2
B28,sp20,emergenceB,2
B28,au20,emergenceB,2
B29,sp18,emergenceB,0
B29,su18,emergenceB,0
B29,au18,emergenceB,0
B29,sp19,emergenceB,0
B29,au19,emergenceB,0
B29,sp20,emergenceB,0
B29,au20,emergenceB,0
B31,sp18,emergenceB,1
B31,su18,emergenceB,1
B31,au18,emergenceB,1
B31,sp19,emergenceB,1
B31,au19,emergenceB,1
B31,sp20,emergenceB,1
B31,au20,emergenceB,1
B310,sp18,emergenceB,0
B310,su18,emergenceB,0
B310,au18,emergenceB,0
B310,sp19,emergenceB,0
B310,au19,emergenceB,0
B310,sp20,emergenceB,0
B310,au20,emergenceB,0
B32,sp18,emergenceB,1
B32,su18,emergenceB,1
B32,au18,emergenceB,1
B32,sp19,emergenceB,1
B32,au19,emergenceB,1
B32,sp20,emergenceB,1
B32,au20,emergenceB,1
B33,sp18,emergenceB,7
B33,su18,emergenceB,7
B33,au18,emergenceB,7
B33,sp19,emergenceB,7
B33,au19,emergenceB,7
B33,sp20,emergenceB,7
B33,au20,emergenceB,7
B34,sp18,emergenceB,1
B34,su18,emergenceB,1
B34,au18,emergenceB,1
B34,sp19,emergenceB,1
B34,au19,emergenceB,1
B34,sp20,emergenceB,1
B34,au20,emergenceB,1
B35,sp18,emergenceB,2
B35,su18,emergenceB,2
B35,au18,emergenceB,2
B35,sp19,emergenceB,2
B35,au19,emergenceB,2
B35,sp20,emergenceB,2
B35,au20,emergenceB,2
B36,sp18,emergenceB,1
B36,su18,emergenceB,1
B36,au18,emergenceB,1
B36,sp19,emergenceB,1
B36,au19,emergenceB,1
B36,sp20,emergenceB,1
B36,au20,emergenceB,1
B37,sp18,emergenceB,0
B37,su18,emergenceB,0
B37,au18,emergenceB,0
B37,sp19,emergenceB,0
B37,au19,emergenceB,0
B37,sp20,emergenceB,0
B37,au20,emergenceB,0
B38,sp18,emergenceB,5
B38,su18,emergenceB,5
B38,au18,emergenceB,5
B38,sp19,emergenceB,5
B38,au19,emergenceB,5
B38,sp20,emergenceB,5
B38,au20,emergenceB,5
B39,sp18,emergenceB,4
B39,su18,emergenceB,4
B39,au18,emergenceB,4
B39,sp19,emergenceB,4
B39,au19,emergenceB,4
B39,sp20,emergenceB,4
B39,au20,emergenceB,4
B41,sp18,emergenceB,1
B41,su18,emergenceB,1
B41,au18,emergenceB,1
B41,sp19,emergenceB,1
B41,au19,emergenceB,1
B41,sp20,emergenceB,1
B41,au20,emergenceB,1
B410,sp18,emergenceB,3
B410,su18,emergenceB,5
B410,au18,emergenceB,6
B410,sp19,emergenceB,6
B410,au19,emergenceB,6
B410,sp20,emergenceB,6
B410,au20,emergenceB,6
B42,sp18,emergenceB,0
B42,su18,emergenceB,0
B42,au18,emergenceB,0
B42,sp19,emergenceB,0
B42,au19,emergenceB,0
B42,sp20,emergenceB,0
B42,au20,emergenceB,0
B43,sp18,emergenceB,2
B43,su18,emergenceB,2
B43,au18,emergenceB,2
B43,sp19,emergenceB,2
B43,au19,emergenceB,2
B43,sp20,emergenceB,2
B43,au20,emergenceB,2
B44,sp18,emergenceB,3
B44,su18,emergenceB,3
B44,au18,emergenceB,3
B44,sp19,emergenceB,3
B44,au19,emergenceB,3
B44,sp20,emergenceB,3
B44,au20,emergenceB,3
B45,sp18,emergenceB,2
B45,su18,emergenceB,3
B45,au18,emergenceB,3
B45,sp19,emergenceB,3
B45,au19,emergenceB,3
B45,sp20,emergenceB,3
B45,au20,emergenceB,3
B46,sp18,emergenceB,3
B46,su18,emergenceB,3
B46,au18,emergenceB,3
B46,sp19,emergenceB,3
B46,au19,emergenceB,3
B46,sp20,emergenceB,3
B46,au20,emergenceB,3
B47,sp18,emergenceB,0
B47,su18,emergenceB,0
B47,au18,emergenceB,0
B47,sp19,emergenceB,0
B47,au19,emergenceB,0
B47,sp20,emergenceB,0
B47,au20,emergenceB,0
B48,sp18,emergenceB,1
B48,su18,emergenceB,1
B48,au18,emergenceB,1
B48,sp19,emergenceB,1
B48,au19,emergenceB,1
B48,sp20,emergenceB,1
B48,au20,emergenceB,1
B49,sp18,emergenceB,0
B49,su18,emergenceB,0
B49,au18,emergenceB,0
B49,sp19,emergenceB,0
B49,au19,emergenceB,0
B49,sp20,emergenceB,0
B49,au20,emergenceB,0
B51,sp18,emergenceB,1
B51,su18,emergenceB,1
B51,au18,emergenceB,2
B51,sp19,emergenceB,2
B51,au19,emergenceB,2
B51,sp20,emergenceB,2
B51,au20,emergenceB,2
B510,sp18,emergenceB,5
B510,su18,emergenceB,5
B510,au18,emergenceB,5
B510,sp19,emergenceB,5
B510,au19,emergenceB,5
B510,sp20,emergenceB,5
B510,au20,emergenceB,5
B52,sp18,emergenceB,0
B52,su18,emergenceB,0
B52,au18,emergenceB,0
B52,sp19,emergenceB,0
B52,au19,emergenceB,0
B52,sp20,emergenceB,0
B52,au20,emergenceB,0
B53,sp18,emergenceB,0
B53,su18,emergenceB,0
B53,au18,emergenceB,0
B53,sp19,emergenceB,0
B53,au19,emergenceB,0
B53,sp20,emergenceB,0
B53,au20,emergenceB,0
B54,sp18,emergenceB,1
B54,su18,emergenceB,1
B54,au18,emergenceB,1
B54,sp19,emergenceB,1
B54,au19,emergenceB,1
B54,sp20,emergenceB,1
B54,au20,emergenceB,1
B55,sp18,emergenceB,NA
B55,su18,emergenceB,NA
B55,au18,emergenceB,NA
B55,sp19,emergenceB,NA
B55,au19,emergenceB,NA
B55,sp20,emergenceB,NA
B55,au20,emergenceB,NA
B56,sp18,emergenceB,0
B56,su18,emergenceB,0
B56,au18,emergenceB,0
B56,sp19,emergenceB,0
B56,au19,emergenceB,0
B56,sp20,emergenceB,0
B56,au20,emergenceB,0
B57,sp18,emergenceB,0
B57,su18,emergenceB,0
B57,au18,emergenceB,0
B57,sp19,emergenceB,0
B57,au19,emergenceB,0
B57,sp20,emergenceB,0
B57,au20,emergenceB,0
B58,sp18,emergenceB,NA
B58,su18,emergenceB,NA
B58,au18,emergenceB,NA
B58,sp19,emergenceB,NA
B58,au19,emergenceB,NA
B58,sp20,emergenceB,NA
B58,au20,emergenceB,NA
B59,sp18,emergenceB,0
B59,su18,emergenceB,0
B59,au18,emergenceB,0
B59,sp19,emergenceB,0
B59,au19,emergenceB,0
B59,sp20,emergenceB,0
B59,au20,emergenceB,0
E11,sp18,emergenceB,2
E11,su18,emergenceB,2
E11,au18,emergenceB,2
E11,sp19,emergenceB,2
E11,au19,emergenceB,2
E11,sp20,emergenceB,2
E11,au20,emergenceB,2
E110,sp18,emergenceB,5
E110,su18,emergenceB,5
E110,au18,emergenceB,5
E110,sp19,emergenceB,5
E110,au19,emergenceB,5
E110,sp20,emergenceB,5
E110,au20,emergenceB,5
E12,sp18,emergenceB,15
E12,su18,emergenceB,15
E12,au18,emergenceB,15
E12,sp19,emergenceB,15
E12,au19,emergenceB,15
E12,sp20,emergenceB,15
E12,au20,emergenceB,15
E13,sp18,emergenceB,7
E13,su18,emergenceB,7
E13,au18,emergenceB,7
E13,sp19,emergenceB,7
E13,au19,emergenceB,10
E13,sp20,emergenceB,10
E13,au20,emergenceB,10
E14,sp18,emergenceB,10
E14,su18,emergenceB,10
E14,au18,emergenceB,10
E14,sp19,emergenceB,10
E14,au19,emergenceB,10
E14,sp20,emergenceB,10
E14,au20,emergenceB,10
E15,sp18,emergenceB,5
E15,su18,emergenceB,5
E15,au18,emergenceB,5
E15,sp19,emergenceB,5
E15,au19,emergenceB,5
E15,sp20,emergenceB,5
E15,au20,emergenceB,5
E16,sp18,emergenceB,5
E16,su18,emergenceB,8
E16,au18,emergenceB,8
E16,sp19,emergenceB,8
E16,au19,emergenceB,8
E16,sp20,emergenceB,8
E16,au20,emergenceB,8
E17,sp18,emergenceB,8
E17,su18,emergenceB,8
E17,au18,emergenceB,8
E17,sp19,emergenceB,8
E17,au19,emergenceB,8
E17,sp20,emergenceB,8
E17,au20,emergenceB,8
E18,sp18,emergenceB,10
E18,su18,emergenceB,10
E18,au18,emergenceB,10
E18,sp19,emergenceB,10
E18,au19,emergenceB,10
E18,sp20,emergenceB,10
E18,au20,emergenceB,10
E19,sp18,emergenceB,3
E19,su18,emergenceB,3
E19,au18,emergenceB,3
E19,sp19,emergenceB,3
E19,au19,emergenceB,3
E19,sp20,emergenceB,3
E19,au20,emergenceB,3
E21,sp18,emergenceB,3
E21,su18,emergenceB,3
E21,au18,emergenceB,3
E21,sp19,emergenceB,7
E21,au19,emergenceB,7
E21,sp20,emergenceB,7
E21,au20,emergenceB,7
E210,sp18,emergenceB,3
E210,su18,emergenceB,4
E210,au18,emergenceB,4
E210,sp19,emergenceB,12
E210,au19,emergenceB,12
E210,sp20,emergenceB,12
E210,au20,emergenceB,12
E22,sp18,emergenceB,15
E22,su18,emergenceB,15
E22,au18,emergenceB,15
E22,sp19,emergenceB,15
E22,au19,emergenceB,15
E22,sp20,emergenceB,15
E22,au20,emergenceB,15
E23,sp18,emergenceB,5
E23,su18,emergenceB,5
E23,au18,emergenceB,5
E23,sp19,emergenceB,5
E23,au19,emergenceB,5
E23,sp20,emergenceB,5
E23,au20,emergenceB,5
E24,sp18,emergenceB,15
E24,su18,emergenceB,15
E24,au18,emergenceB,15
E24,sp19,emergenceB,15
E24,au19,emergenceB,15
E24,sp20,emergenceB,15
E24,au20,emergenceB,15
E25,sp18,emergenceB,12
E25,su18,emergenceB,12
E25,au18,emergenceB,12
E25,sp19,emergenceB,12
E25,au19,emergenceB,12
E25,sp20,emergenceB,12
E25,au20,emergenceB,12
E26,sp18,emergenceB,15
E26,su18,emergenceB,15
E26,au18,emergenceB,15
E26,sp19,emergenceB,15
E26,au19,emergenceB,15
E26,sp20,emergenceB,15
E26,au20,emergenceB,15
E27,sp18,emergenceB,0
E27,su18,emergenceB,0
E27,au18,emergenceB,0
E27,sp19,emergenceB,0
E27,au19,emergenceB,0
E27,sp20,emergenceB,0
E27,au20,emergenceB,0
E28,sp18,emergenceB,12
E28,su18,emergenceB,12
E28,au18,emergenceB,12
E28,sp19,emergenceB,12
E28,au19,emergenceB,12
E28,sp20,emergenceB,12
E28,au20,emergenceB,12
E29,sp18,emergenceB,5
E29,su18,emergenceB,5
E29,au18,emergenceB,5
E29,sp19,emergenceB,5
E29,au19,emergenceB,5
E29,sp20,emergenceB,5
E29,au20,emergenceB,5
E31,sp18,emergenceB,1
E31,su18,emergenceB,1
E31,au18,emergenceB,1
E31,sp19,emergenceB,1
E31,au19,emergenceB,1
E31,sp20,emergenceB,1
E31,au20,emergenceB,1
E310,sp18,emergenceB,3
E310,su18,emergenceB,3
E310,au18,emergenceB,3
E310,sp19,emergenceB,3
E310,au19,emergenceB,3
E310,sp20,emergenceB,4
E310,au20,emergenceB,4
E32,sp18,emergenceB,2
E32,su18,emergenceB,5
E32,au18,emergenceB,5
E32,sp19,emergenceB,5
E32,au19,emergenceB,5
E32,sp20,emergenceB,5
E32,au20,emergenceB,5
E33,sp18,emergenceB,3
E33,su18,emergenceB,5
E33,au18,emergenceB,5
E33,sp19,emergenceB,5
E33,au19,emergenceB,5
E33,sp20,emergenceB,5
E33,au20,emergenceB,5
E34,sp18,emergenceB,2
E34,su18,emergenceB,2
E34,au18,emergenceB,2
E34,sp19,emergenceB,3
E34,au19,emergenceB,3
E34,sp20,emergenceB,5
E34,au20,emergenceB,5
E35,sp18,emergenceB,2
E35,su18,emergenceB,2
E35,au18,emergenceB,2
E35,sp19,emergenceB,2
E35,au19,emergenceB,2
E35,sp20,emergenceB,2
E35,au20,emergenceB,2
E36,sp18,emergenceB,1
E36,su18,emergenceB,1
E36,au18,emergenceB,1
E36,sp19,emergenceB,1
E36,au19,emergenceB,1
E36,sp20,emergenceB,1
E36,au20,emergenceB,1
E37,sp18,emergenceB,6
E37,su18,emergenceB,6
E37,au18,emergenceB,6
E37,sp19,emergenceB,6
E37,au19,emergenceB,6
E37,sp20,emergenceB,6
E37,au20,emergenceB,6
E38,sp18,emergenceB,5
E38,su18,emergenceB,5
E38,au18,emergenceB,5
E38,sp19,emergenceB,5
E38,au19,emergenceB,5
E38,sp20,emergenceB,5
E38,au20,emergenceB,5
E39,sp18,emergenceB,1
E39,su18,emergenceB,1
E39,au18,emergenceB,1
E39,sp19,emergenceB,1
E39,au19,emergenceB,1
E39,sp20,emergenceB,1
E39,au20,emergenceB,1
G11,sp18,emergenceB,4
G11,su18,emergenceB,5
G11,au18,emergenceB,5
G11,sp19,emergenceB,5
G11,au19,emergenceB,5
G11,sp20,emergenceB,5
G11,au20,emergenceB,5
G110,sp18,emergenceB,10
G110,su18,emergenceB,10
G110,au18,emergenceB,10
G110,sp19,emergenceB,10
G110,au19,emergenceB,10
G110,sp20,emergenceB,10
G110,au20,emergenceB,10
G12,sp18,emergenceB,6
G12,su18,emergenceB,8
G12,au18,emergenceB,8
G12,sp19,emergenceB,8
G12,au19,emergenceB,8
G12,sp20,emergenceB,11
G12,au20,emergenceB,11
G13,sp18,emergenceB,2
G13,su18,emergenceB,3
G13,au18,emergenceB,3
G13,sp19,emergenceB,3
G13,au19,emergenceB,3
G13,sp20,emergenceB,3
G13,au20,emergenceB,3
G14,sp18,emergenceB,7
G14,su18,emergenceB,7
G14,au18,emergenceB,7
G14,sp19,emergenceB,7
G14,au19,emergenceB,7
G14,sp20,emergenceB,7
G14,au20,emergenceB,7
G15,sp18,emergenceB,10
G15,su18,emergenceB,10
G15,au18,emergenceB,10
G15,sp19,emergenceB,10
G15,au19,emergenceB,10
G15,sp20,emergenceB,10
G15,au20,emergenceB,10
G16,sp18,emergenceB,9
G16,su18,emergenceB,9
G16,au18,emergenceB,9
G16,sp19,emergenceB,9
G16,au19,emergenceB,9
G16,sp20,emergenceB,9
G16,au20,emergenceB,11
G17,sp18,emergenceB,6
G17,su18,emergenceB,6
G17,au18,emergenceB,6
G17,sp19,emergenceB,6
G17,au19,emergenceB,6
G17,sp20,emergenceB,6
G17,au20,emergenceB,6
G18,sp18,emergenceB,3
G18,su18,emergenceB,3
G18,au18,emergenceB,3
G18,sp19,emergenceB,3
G18,au19,emergenceB,3
G18,sp20,emergenceB,3
G18,au20,emergenceB,3
G19,sp18,emergenceB,3
G19,su18,emergenceB,3
G19,au18,emergenceB,3
G19,sp19,emergenceB,3
G19,au19,emergenceB,3
G19,sp20,emergenceB,3
G19,au20,emergenceB,3
G21,sp18,emergenceB,1
G21,su18,emergenceB,1
G21,au18,emergenceB,1
G21,sp19,emergenceB,1
G21,au19,emergenceB,1
G21,sp20,emergenceB,1
G21,au20,emergenceB,1
G210,sp18,emergenceB,3
G210,su18,emergenceB,3
G210,au18,emergenceB,3
G210,sp19,emergenceB,3
G210,au19,emergenceB,3
G210,sp20,emergenceB,3
G210,au20,emergenceB,3
G22,sp18,emergenceB,2
G22,su18,emergenceB,2
G22,au18,emergenceB,2
G22,sp19,emergenceB,2
G22,au19,emergenceB,2
G22,sp20,emergenceB,2
G22,au20,emergenceB,2
G23,sp18,emergenceB,3
G23,su18,emergenceB,3
G23,au18,emergenceB,3
G23,sp19,emergenceB,3
G23,au19,emergenceB,3
G23,sp20,emergenceB,3
G23,au20,emergenceB,3
G24,sp18,emergenceB,2
G24,su18,emergenceB,2
G24,au18,emergenceB,2
G24,sp19,emergenceB,2
G24,au19,emergenceB,2
G24,sp20,emergenceB,2
G24,au20,emergenceB,2
G25,sp18,emergenceB,0
G25,su18,emergenceB,0
G25,au18,emergenceB,0
G25,sp19,emergenceB,0
G25,au19,emergenceB,0
G25,sp20,emergenceB,0
G25,au20,emergenceB,0
G26,sp18,emergenceB,7
G26,su18,emergenceB,7
G26,au18,emergenceB,7
G26,sp19,emergenceB,7
G26,au19,emergenceB,7
G26,sp20,emergenceB,7
G26,au20,emergenceB,7
G27,sp18,emergenceB,4
G27,su18,emergenceB,4
G27,au18,emergenceB,4
G27,sp19,emergenceB,4
G27,au19,emergenceB,4
G27,sp20,emergenceB,4
G27,au20,emergenceB,4
G28,sp18,emergenceB,3
G28,su18,emergenceB,3
G28,au18,emergenceB,3
G28,sp19,emergenceB,3
G28,au19,emergenceB,3
G28,sp20,emergenceB,3
G28,au20,emergenceB,3
G29,sp18,emergenceB,5
G29,su18,emergenceB,5
G29,au18,emergenceB,5
G29,sp19,emergenceB,5
G29,au19,emergenceB,5
G29,sp20,emergenceB,5
G29,au20,emergenceB,5
G31,sp18,emergenceB,4
G31,su18,emergenceB,4
G31,au18,emergenceB,4
G31,sp19,emergenceB,4
G31,au19,emergenceB,4
G31,sp20,emergenceB,4
G31,au20,emergenceB,4
G310,sp18,emergenceB,4
G310,su18,emergenceB,6
G310,au18,emergenceB,6
G310,sp19,emergenceB,6
G310,au19,emergenceB,6
G310,sp20,emergenceB,6
G310,au20,emergenceB,6
G32,sp18,emergenceB,5
G32,su18,emergenceB,5
G32,au18,emergenceB,5
G32,sp19,emergenceB,5
G32,au19,emergenceB,5
G32,sp20,emergenceB,5
G32,au20,emergenceB,5
G33,sp18,emergenceB,2
G33,su18,emergenceB,2
G33,au18,emergenceB,2
G33,sp19,emergenceB,2
G33,au19,emergenceB,2
G33,sp20,emergenceB,2
G33,au20,emergenceB,2
G34,sp18,emergenceB,4
G34,su18,emergenceB,4
G34,au18,emergenceB,4
G34,sp19,emergenceB,4
G34,au19,emergenceB,4
G34,sp20,emergenceB,4
G34,au20,emergenceB,4
G35,sp18,emergenceB,1
G35,su18,emergenceB,2
G35,au18,emergenceB,2
G35,sp19,emergenceB,2
G35,au19,emergenceB,2
G35,sp20,emergenceB,2
G35,au20,emergenceB,2
G36,sp18,emergenceB,1
G36,su18,emergenceB,1
G36,au18,emergenceB,1
G36,sp19,emergenceB,1
G36,au19,emergenceB,1
G36,sp20,emergenceB,1
G36,au20,emergenceB,1
G37,sp18,emergenceB,7
G37,su18,emergenceB,7
G37,au18,emergenceB,7
G37,sp19,emergenceB,7
G37,au19,emergenceB,7
G37,sp20,emergenceB,7
G37,au20,emergenceB,7
G38,sp18,emergenceB,0
G38,su18,emergenceB,0
G38,au18,emergenceB,0
G38,sp19,emergenceB,0
G38,au19,emergenceB,0
G38,sp20,emergenceB,0
G38,au20,emergenceB,0
G39,sp18,emergenceB,0
G39,su18,emergenceB,0
G39,au18,emergenceB,0
G39,sp19,emergenceB,0
G39,au19,emergenceB,0
G39,sp20,emergenceB,0
G39,au20,emergenceB,0
P11,sp18,emergenceB,2
P11,su18,emergenceB,2
P11,au18,emergenceB,2
P11,sp19,emergenceB,2
P11,au19,emergenceB,2
P11,sp20,emergenceB,2
P11,au20,emergenceB,2
P110,sp18,emergenceB,0
P110,su18,emergenceB,0
P110,au18,emergenceB,0
P110,sp19,emergenceB,0
P110,au19,emergenceB,0
P110,sp20,emergenceB,0
P110,au20,emergenceB,0
P12,sp18,emergenceB,0
P12,su18,emergenceB,0
P12,au18,emergenceB,0
P12,sp19,emergenceB,0
P12,au19,emergenceB,0
P12,sp20,emergenceB,0
P12,au20,emergenceB,0
P13,sp18,emergenceB,3
P13,su18,emergenceB,3
P13,au18,emergenceB,3
P13,sp19,emergenceB,3
P13,au19,emergenceB,3
P13,sp20,emergenceB,3
P13,au20,emergenceB,3
P14,sp18,emergenceB,0
P14,su18,emergenceB,0
P14,au18,emergenceB,0
P14,sp19,emergenceB,0
P14,au19,emergenceB,0
P14,sp20,emergenceB,0
P14,au20,emergenceB,0
P15,sp18,emergenceB,0
P15,su18,emergenceB,0
P15,au18,emergenceB,0
P15,sp19,emergenceB,0
P15,au19,emergenceB,0
P15,sp20,emergenceB,0
P15,au20,emergenceB,0
P16,sp18,emergenceB,4
P16,su18,emergenceB,4
P16,au18,emergenceB,4
P16,sp19,emergenceB,4
P16,au19,emergenceB,4
P16,sp20,emergenceB,4
P16,au20,emergenceB,4
P17,sp18,emergenceB,2
P17,su18,emergenceB,2
P17,au18,emergenceB,2
P17,sp19,emergenceB,2
P17,au19,emergenceB,2
P17,sp20,emergenceB,2
P17,au20,emergenceB,2
P18,sp18,emergenceB,1
P18,su18,emergenceB,1
P18,au18,emergenceB,1
P18,sp19,emergenceB,1
P18,au19,emergenceB,1
P18,sp20,emergenceB,1
P18,au20,emergenceB,1
P19,sp18,emergenceB,5
P19,su18,emergenceB,5
P19,au18,emergenceB,5
P19,sp19,emergenceB,5
P19,au19,emergenceB,5
P19,sp20,emergenceB,5
P19,au20,emergenceB,5
P21,sp18,emergenceB,2
P21,su18,emergenceB,2
P21,au18,emergenceB,2
P21,sp19,emergenceB,2
P21,au19,emergenceB,2
P21,sp20,emergenceB,2
P21,au20,emergenceB,2
P210,sp18,emergenceB,NA
P210,su18,emergenceB,NA
P210,au18,emergenceB,NA
P210,sp19,emergenceB,NA
P210,au19,emergenceB,NA
P210,sp20,emergenceB,NA
P210,au20,emergenceB,NA
P22,sp18,emergenceB,6
P22,su18,emergenceB,6
P22,au18,emergenceB,6
P22,sp19,emergenceB,6
P22,au19,emergenceB,6
P22,sp20,emergenceB,6
P22,au20,emergenceB,6
P23,sp18,emergenceB,1
P23,su18,emergenceB,1
P23,au18,emergenceB,1
P23,sp19,emergenceB,1
P23,au19,emergenceB,1
P23,sp20,emergenceB,1
P23,au20,emergenceB,1
P24,sp18,emergenceB,1
P24,su18,emergenceB,1
P24,au18,emergenceB,1
P24,sp19,emergenceB,1
P24,au19,emergenceB,1
P24,sp20,emergenceB,1
P24,au20,emergenceB,1
P25,sp18,emergenceB,5
P25,su18,emergenceB,5
P25,au18,emergenceB,5
P25,sp19,emergenceB,5
P25,au19,emergenceB,5
P25,sp20,emergenceB,5
P25,au20,emergenceB,5
P26,sp18,emergenceB,NA
P26,su18,emergenceB,NA
P26,au18,emergenceB,NA
P26,sp19,emergenceB,NA
P26,au19,emergenceB,NA
P26,sp20,emergenceB,NA
P26,au20,emergenceB,NA
P27,sp18,emergenceB,1
P27,su18,emergenceB,1
P27,au18,emergenceB,1
P27,sp19,emergenceB,1
P27,au19,emergenceB,1
P27,sp20,emergenceB,1
P27,au20,emergenceB,1
P28,sp18,emergenceB,NA
P28,su18,emergenceB,NA
P28,au18,emergenceB,NA
P28,sp19,emergenceB,NA
P28,au19,emergenceB,NA
P28,sp20,emergenceB,NA
P28,au20,emergenceB,NA
P29,sp18,emergenceB,0
P29,su18,emergenceB,0
P29,au18,emergenceB,0
P29,sp19,emergenceB,0
P29,au19,emergenceB,0
P29,sp20,emergenceB,0
P29,au20,emergenceB,0
P31,sp18,emergenceB,0
P31,su18,emergenceB,0
P31,au18,emergenceB,0
P31,sp19,emergenceB,0
P31,au19,emergenceB,0
P31,sp20,emergenceB,0
P31,au20,emergenceB,0
P310,sp18,emergenceB,1
P310,su18,emergenceB,1
P310,au18,emergenceB,1
P310,sp19,emergenceB,2
P310,au19,emergenceB,2
P310,sp20,emergenceB,2
P310,au20,emergenceB,2
P32,sp18,emergenceB,1
P32,su18,emergenceB,1
P32,au18,emergenceB,1
P32,sp19,emergenceB,1
P32,au19,emergenceB,1
P32,sp20,emergenceB,1
P32,au20,emergenceB,1
P33,sp18,emergenceB,0
P33,su18,emergenceB,0
P33,au18,emergenceB,0
P33,sp19,emergenceB,0
P33,au19,emergenceB,0
P33,sp20,emergenceB,0
P33,au20,emergenceB,0
P34,sp18,emergenceB,1
P34,su18,emergenceB,1
P34,au18,emergenceB,1
P34,sp19,emergenceB,1
P34,au19,emergenceB,1
P34,sp20,emergenceB,1
P34,au20,emergenceB,1
P35,sp18,emergenceB,0
P35,su18,emergenceB,0
P35,au18,emergenceB,0
P35,sp19,emergenceB,0
P35,au19,emergenceB,0
P35,sp20,emergenceB,0
P35,au20,emergenceB,0
P36,sp18,emergenceB,1
P36,su18,emergenceB,1
P36,au18,emergenceB,1
P36,sp19,emergenceB,1
P36,au19,emergenceB,1
P36,sp20,emergenceB,1
P36,au20,emergenceB,1
P37,sp18,emergenceB,NA
P37,su18,emergenceB,NA
P37,au18,emergenceB,NA
P37,sp19,emergenceB,NA
P37,au19,emergenceB,NA
P37,sp20,emergenceB,NA
P37,au20,emergenceB,NA
P38,sp18,emergenceB,0
P38,su18,emergenceB,0
P38,au18,emergenceB,0
P38,sp19,emergenceB,0
P38,au19,emergenceB,0
P38,sp20,emergenceB,0
P38,au20,emergenceB,0
P39,sp18,emergenceB,0
P39,su18,emergenceB,0
P39,au18,emergenceB,0
P39,sp19,emergenceB,0
P39,au19,emergenceB,0
P39,sp20,emergenceB,0
P39,au20,emergenceB,0
P41,sp18,emergenceB,4
P41,su18,emergenceB,4
P41,au18,emergenceB,4
P41,sp19,emergenceB,4
P41,au19,emergenceB,4
P41,sp20,emergenceB,4
P41,au20,emergenceB,4
P410,sp18,emergenceB,1
P410,su18,emergenceB,1
P410,au18,emergenceB,1
P410,sp19,emergenceB,1
P410,au19,emergenceB,1
P410,sp20,emergenceB,1
P410,au20,emergenceB,1
P42,sp18,emergenceB,1
P42,su18,emergenceB,1
P42,au18,emergenceB,1
P42,sp19,emergenceB,1
P42,au19,emergenceB,1
P42,sp20,emergenceB,1
P42,au20,emergenceB,1
P43,sp18,emergenceB,4
P43,su18,emergenceB,4
P43,au18,emergenceB,4
P43,sp19,emergenceB,4
P43,au19,emergenceB,4
P43,sp20,emergenceB,4
P43,au20,emergenceB,4
P44,sp18,emergenceB,0
P44,su18,emergenceB,0
P44,au18,emergenceB,0
P44,sp19,emergenceB,0
P44,au19,emergenceB,0
P44,sp20,emergenceB,0
P44,au20,emergenceB,0
P45,sp18,emergenceB,0
P45,su18,emergenceB,0
P45,au18,emergenceB,0
P45,sp19,emergenceB,0
P45,au19,emergenceB,0
P45,sp20,emergenceB,0
P45,au20,emergenceB,0
P46,sp18,emergenceB,1
P46,su18,emergenceB,1
P46,au18,emergenceB,1
P46,sp19,emergenceB,1
P46,au19,emergenceB,1
P46,sp20,emergenceB,1
P46,au20,emergenceB,1
P47,sp18,emergenceB,3
P47,su18,emergenceB,3
P47,au18,emergenceB,3
P47,sp19,emergenceB,3
P47,au19,emergenceB,3
P47,sp20,emergenceB,3
P47,au20,emergenceB,3
P48,sp18,emergenceB,3
P48,su18,emergenceB,3
P48,au18,emergenceB,3
P48,sp19,emergenceB,3
P48,au19,emergenceB,3
P48,sp20,emergenceB,3
P48,au20,emergenceB,3
P49,sp18,emergenceB,1
P49,su18,emergenceB,1
P49,au18,emergenceB,1
P49,sp19,emergenceB,1
P49,au19,emergenceB,1
P49,sp20,emergenceB,1
P49,au20,emergenceB,1
P51,sp18,emergenceB,0
P51,su18,emergenceB,0
P51,au18,emergenceB,0
P51,sp19,emergenceB,0
P51,au19,emergenceB,0
P51,sp20,emergenceB,0
P51,au20,emergenceB,0
P510,sp18,emergenceB,0
P510,su18,emergenceB,0
P510,au18,emergenceB,0
P510,sp19,emergenceB,0
P510,au19,emergenceB,0
P510,sp20,emergenceB,0
P510,au20,emergenceB,0
P52,sp18,emergenceB,NA
P52,su18,emergenceB,NA
P52,au18,emergenceB,NA
P52,sp19,emergenceB,NA
P52,au19,emergenceB,NA
P52,sp20,emergenceB,NA
P52,au20,emergenceB,NA
P53,sp18,emergenceB,1
P53,su18,emergenceB,0
P53,au18,emergenceB,0
P53,sp19,emergenceB,2
P53,au19,emergenceB,2
P53,sp20,emergenceB,2
P53,au20,emergenceB,2
P54,sp18,emergenceB,1
P54,su18,emergenceB,1
P54,au18,emergenceB,1
P54,sp19,emergenceB,1
P54,au19,emergenceB,1
P54,sp20,emergenceB,1
P54,au20,emergenceB,1
P55,sp18,emergenceB,0
P55,su18,emergenceB,0
P55,au18,emergenceB,0
P55,sp19,emergenceB,0
P55,au19,emergenceB,0
P55,sp20,emergenceB,0
P55,au20,emergenceB,0
P56,sp18,emergenceB,0
P56,su18,emergenceB,0
P56,au18,emergenceB,0
P56,sp19,emergenceB,1
P56,au19,emergenceB,1
P56,sp20,emergenceB,1
P56,au20,emergenceB,1
P57,sp18,emergenceB,0
P57,su18,emergenceB,0
P57,au18,emergenceB,0
P57,sp19,emergenceB,1
P57,au19,emergenceB,1
P57,sp20,emergenceB,1
P57,au20,emergenceB,1
P58,sp18,emergenceB,0
P58,su18,emergenceB,0
P58,au18,emergenceB,0
P58,sp19,emergenceB,0
P58,au19,emergenceB,0
P58,sp20,emergenceB,0
P58,au20,emergenceB,0
P59,sp18,emergenceB,3
P59,su18,emergenceB,3
P59,au18,emergenceB,3
P59,sp19,emergenceB,3
P59,au19,emergenceB,3
P59,sp20,emergenceB,3
P59,au20,emergenceB,3
R11,sp18,emergenceB,3
R11,su18,emergenceB,3
R11,au18,emergenceB,3
R11,sp19,emergenceB,3
R11,au19,emergenceB,3
R11,sp20,emergenceB,3
R11,au20,emergenceB,3
R110,sp18,emergenceB,6
R110,su18,emergenceB,6
R110,au18,emergenceB,6
R110,sp19,emergenceB,12
R110,au19,emergenceB,12
R110,sp20,emergenceB,12
R110,au20,emergenceB,12
R12,sp18,emergenceB,9
R12,su18,emergenceB,9
R12,au18,emergenceB,9
R12,sp19,emergenceB,9
R12,au19,emergenceB,9
R12,sp20,emergenceB,9
R12,au20,emergenceB,9
R13,sp18,emergenceB,2
R13,su18,emergenceB,2
R13,au18,emergenceB,2
R13,sp19,emergenceB,3
R13,au19,emergenceB,3
R13,sp20,emergenceB,3
R13,au20,emergenceB,3
R14,sp18,emergenceB,5
R14,su18,emergenceB,5
R14,au18,emergenceB,5
R14,sp19,emergenceB,5
R14,au19,emergenceB,5
R14,sp20,emergenceB,5
R14,au20,emergenceB,5
R15,sp18,emergenceB,3
R15,su18,emergenceB,3
R15,au18,emergenceB,3
R15,sp19,emergenceB,3
R15,au19,emergenceB,3
R15,sp20,emergenceB,3
R15,au20,emergenceB,3
R16,sp18,emergenceB,3
R16,su18,emergenceB,3
R16,au18,emergenceB,3
R16,sp19,emergenceB,3
R16,au19,emergenceB,3
R16,sp20,emergenceB,3
R16,au20,emergenceB,3
R17,sp18,emergenceB,6
R17,su18,emergenceB,6
R17,au18,emergenceB,6
R17,sp19,emergenceB,6
R17,au19,emergenceB,6
R17,sp20,emergenceB,6
R17,au20,emergenceB,6
R18,sp18,emergenceB,10
R18,su18,emergenceB,10
R18,au18,emergenceB,10
R18,sp19,emergenceB,10
R18,au19,emergenceB,10
R18,sp20,emergenceB,10
R18,au20,emergenceB,10
R19,sp18,emergenceB,0
R19,su18,emergenceB,0
R19,au18,emergenceB,0
R19,sp19,emergenceB,2
R19,au19,emergenceB,2
R19,sp20,emergenceB,2
R19,au20,emergenceB,2
R21,sp18,emergenceB,3
R21,su18,emergenceB,3
R21,au18,emergenceB,3
R21,sp19,emergenceB,3
R21,au19,emergenceB,3
R21,sp20,emergenceB,3
R21,au20,emergenceB,3
R210,sp18,emergenceB,3
R210,su18,emergenceB,3
R210,au18,emergenceB,3
R210,sp19,emergenceB,3
R210,au19,emergenceB,3
R210,sp20,emergenceB,3
R210,au20,emergenceB,3
R22,sp18,emergenceB,2
R22,su18,emergenceB,2
R22,au18,emergenceB,2
R22,sp19,emergenceB,2
R22,au19,emergenceB,2
R22,sp20,emergenceB,2
R22,au20,emergenceB,2
R23,sp18,emergenceB,6
R23,su18,emergenceB,6
R23,au18,emergenceB,7
R23,sp19,emergenceB,7
R23,au19,emergenceB,7
R23,sp20,emergenceB,7
R23,au20,emergenceB,7
R24,sp18,emergenceB,2
R24,su18,emergenceB,2
R24,au18,emergenceB,2
R24,sp19,emergenceB,2
R24,au19,emergenceB,2
R24,sp20,emergenceB,2
R24,au20,emergenceB,2
R25,sp18,emergenceB,15
R25,su18,emergenceB,15
R25,au18,emergenceB,15
R25,sp19,emergenceB,15
R25,au19,emergenceB,15
R25,sp20,emergenceB,15
R25,au20,emergenceB,15
R26,sp18,emergenceB,11
R26,su18,emergenceB,11
R26,au18,emergenceB,11
R26,sp19,emergenceB,11
R26,au19,emergenceB,11
R26,sp20,emergenceB,11
R26,au20,emergenceB,11
R27,sp18,emergenceB,2
R27,su18,emergenceB,2
R27,au18,emergenceB,2
R27,sp19,emergenceB,2
R27,au19,emergenceB,2
R27,sp20,emergenceB,2
R27,au20,emergenceB,2
R28,sp18,emergenceB,10
R28,su18,emergenceB,10
R28,au18,emergenceB,10
R28,sp19,emergenceB,10
R28,au19,emergenceB,10
R28,sp20,emergenceB,10
R28,au20,emergenceB,10
R29,sp18,emergenceB,10
R29,su18,emergenceB,10
R29,au18,emergenceB,10
R29,sp19,emergenceB,10
R29,au19,emergenceB,10
R29,sp20,emergenceB,10
R29,au20,emergenceB,10
R31,sp18,emergenceB,0
R31,su18,emergenceB,0
R31,au18,emergenceB,0
R31,sp19,emergenceB,0
R31,au19,emergenceB,0
R31,sp20,emergenceB,0
R31,au20,emergenceB,0
R310,sp18,emergenceB,2
R310,su18,emergenceB,2
R310,au18,emergenceB,2
R310,sp19,emergenceB,2
R310,au19,emergenceB,2
R310,sp20,emergenceB,2
R310,au20,emergenceB,2
R32,sp18,emergenceB,10
R32,su18,emergenceB,10
R32,au18,emergenceB,10
R32,sp19,emergenceB,10
R32,au19,emergenceB,10
R32,sp20,emergenceB,10
R32,au20,emergenceB,10
R33,sp18,emergenceB,0
R33,su18,emergenceB,0
R33,au18,emergenceB,0
R33,sp19,emergenceB,0
R33,au19,emergenceB,0
R33,sp20,emergenceB,0
R33,au20,emergenceB,0
R34,sp18,emergenceB,0
R34,su18,emergenceB,0
R34,au18,emergenceB,0
R34,sp19,emergenceB,0
R34,au19,emergenceB,0
R34,sp20,emergenceB,0
R34,au20,emergenceB,0
R35,sp18,emergenceB,4
R35,su18,emergenceB,4
R35,au18,emergenceB,4
R35,sp19,emergenceB,4
R35,au19,emergenceB,4
R35,sp20,emergenceB,4
R35,au20,emergenceB,4
R36,sp18,emergenceB,3
R36,su18,emergenceB,3
R36,au18,emergenceB,3
R36,sp19,emergenceB,3
R36,au19,emergenceB,3
R36,sp20,emergenceB,3
R36,au20,emergenceB,3
R37,sp18,emergenceB,2
R37,su18,emergenceB,2
R37,au18,emergenceB,2
R37,sp19,emergenceB,2
R37,au19,emergenceB,2
R37,sp20,emergenceB,2
R37,au20,emergenceB,2
R38,sp18,emergenceB,2
R38,su18,emergenceB,2
R38,au18,emergenceB,2
R38,sp19,emergenceB,2
R38,au19,emergenceB,2
R38,sp20,emergenceB,2
R38,au20,emergenceB,2
R39,sp18,emergenceB,1
R39,su18,emergenceB,1
R39,au18,emergenceB,1
R39,sp19,emergenceB,1
R39,au19,emergenceB,1
R39,sp20,emergenceB,1
R39,au20,emergenceB,1
R41,sp18,emergenceB,10
R41,su18,emergenceB,10
R41,au18,emergenceB,10
R41,sp19,emergenceB,10
R41,au19,emergenceB,10
R41,sp20,emergenceB,10
R41,au20,emergenceB,10
R410,sp18,emergenceB,2
R410,su18,emergenceB,2
R410,au18,emergenceB,2
R410,sp19,emergenceB,2
R410,au19,emergenceB,2
R410,sp20,emergenceB,2
R410,au20,emergenceB,2
R42,sp18,emergenceB,2
R42,su18,emergenceB,2
R42,au18,emergenceB,2
R42,sp19,emergenceB,3
R42,au19,emergenceB,3
R42,sp20,emergenceB,3
R42,au20,emergenceB,3
R43,sp18,emergenceB,0
R43,su18,emergenceB,0
R43,au18,emergenceB,0
R43,sp19,emergenceB,0
R43,au19,emergenceB,0
R43,sp20,emergenceB,0
R43,au20,emergenceB,0
R44,sp18,emergenceB,2
R44,su18,emergenceB,2
R44,au18,emergenceB,2
R44,sp19,emergenceB,2
R44,au19,emergenceB,2
R44,sp20,emergenceB,2
R44,au20,emergenceB,2
R45,sp18,emergenceB,2
R45,su18,emergenceB,2
R45,au18,emergenceB,2
R45,sp19,emergenceB,2
R45,au19,emergenceB,2
R45,sp20,emergenceB,2
R45,au20,emergenceB,2
R46,sp18,emergenceB,4
R46,su18,emergenceB,4
R46,au18,emergenceB,4
R46,sp19,emergenceB,4
R46,au19,emergenceB,4
R46,sp20,emergenceB,4
R46,au20,emergenceB,4
R47,sp18,emergenceB,0
R47,su18,emergenceB,1
R47,au18,emergenceB,1
R47,sp19,emergenceB,1
R47,au19,emergenceB,1
R47,sp20,emergenceB,1
R47,au20,emergenceB,1
R48,sp18,emergenceB,0
R48,su18,emergenceB,0
R48,au18,emergenceB,0
R48,sp19,emergenceB,0
R48,au19,emergenceB,0
R48,sp20,emergenceB,0
R48,au20,emergenceB,0
R49,sp18,emergenceB,3
R49,su18,emergenceB,3
R49,au18,emergenceB,3
R49,sp19,emergenceB,11
R49,au19,emergenceB,11
R49,sp20,emergenceB,11
R49,au20,emergenceB,11
R51,sp18,emergenceB,3
R51,su18,emergenceB,3
R51,au18,emergenceB,3
R51,sp19,emergenceB,3
R51,au19,emergenceB,3
R51,sp20,emergenceB,3
R51,au20,emergenceB,3
R510,sp18,emergenceB,0
R510,su18,emergenceB,0
R510,au18,emergenceB,0
R510,sp19,emergenceB,0
R510,au19,emergenceB,0
R510,sp20,emergenceB,0
R510,au20,emergenceB,0
R52,sp18,emergenceB,3
R52,su18,emergenceB,3
R52,au18,emergenceB,3
R52,sp19,emergenceB,3
R52,au19,emergenceB,3
R52,sp20,emergenceB,3
R52,au20,emergenceB,3
R53,sp18,emergenceB,0
R53,su18,emergenceB,0
R53,au18,emergenceB,0
R53,sp19,emergenceB,0
R53,au19,emergenceB,0
R53,sp20,emergenceB,0
R53,au20,emergenceB,0
R54,sp18,emergenceB,3
R54,su18,emergenceB,3
R54,au18,emergenceB,3
R54,sp19,emergenceB,3
R54,au19,emergenceB,3
R54,sp20,emergenceB,3
R54,au20,emergenceB,3
R55,sp18,emergenceB,4
R55,su18,emergenceB,4
R55,au18,emergenceB,4
R55,sp19,emergenceB,4
R55,au19,emergenceB,4
R55,sp20,emergenceB,4
R55,au20,emergenceB,4
R56,sp18,emergenceB,2
R56,su18,emergenceB,2
R56,au18,emergenceB,2
R56,sp19,emergenceB,2
R56,au19,emergenceB,2
R56,sp20,emergenceB,2
R56,au20,emergenceB,2
R57,sp18,emergenceB,1
R57,su18,emergenceB,1
R57,au18,emergenceB,1
R57,sp19,emergenceB,1
R57,au19,emergenceB,1
R57,sp20,emergenceB,1
R57,au20,emergenceB,1
R58,sp18,emergenceB,0
R58,su18,emergenceB,0
R58,au18,emergenceB,0
R58,sp19,emergenceB,0
R58,au19,emergenceB,0
R58,sp20,emergenceB,0
R58,au20,emergenceB,0
R59,sp18,emergenceB,1
R59,su18,emergenceB,1
R59,au18,emergenceB,1
R59,sp19,emergenceB,2
R59,au19,emergenceB,2
R59,sp20,emergenceB,2
R59,au20,emergenceB,2
B11,au20,survivalB,0
B110,au20,survivalB,0
B12,au20,survivalB,0
B13,au20,survivalB,0
B14,au20,survivalB,NA
B15,au20,survivalB,0
B16,au20,survivalB,0
B17,au20,survivalB,0
B18,au20,survivalB,0
B19,au20,survivalB,NA
B21,au20,survivalB,0
B210,au20,survivalB,0
B22,au20,survivalB,0
B23,au20,survivalB,0
B24,au20,survivalB,0
B25,au20,survivalB,0
B26,au20,survivalB,0
B27,au20,survivalB,0
B28,au20,survivalB,0
B29,au20,survivalB,0
B31,au20,survivalB,0
B310,au20,survivalB,0
B32,au20,survivalB,0
B33,au20,survivalB,0
B34,au20,survivalB,0
B35,au20,survivalB,0
B36,au20,survivalB,0
B37,au20,survivalB,0
B38,au20,survivalB,0
B39,au20,survivalB,0
B41,au20,survivalB,0
B410,au20,survivalB,0
B42,au20,survivalB,0
B43,au20,survivalB,0
B44,au20,survivalB,0
B45,au20,survivalB,0
B46,au20,survivalB,0
B47,au20,survivalB,0
B48,au20,survivalB,0
B49,au20,survivalB,0
B51,au20,survivalB,0
B510,au20,survivalB,0
B52,au20,survivalB,0
B53,au20,survivalB,0
B54,au20,survivalB,0
B55,au20,survivalB,NA
B56,au20,survivalB,0
B57,au20,survivalB,0
B58,au20,survivalB,NA
B59,au20,survivalB,0
E11,au20,survivalB,0
E110,au20,survivalB,0
E12,au20,survivalB,86.67
E13,au20,survivalB,0
E14,au20,survivalB,0
E15,au20,survivalB,0
E16,au20,survivalB,6.67
E17,au20,survivalB,0
E18,au20,survivalB,0
E19,au20,survivalB,0
E21,au20,survivalB,46.67
E210,au20,survivalB,13.33
E22,au20,survivalB,33.33
E23,au20,survivalB,6.67
E24,au20,survivalB,20
E25,au20,survivalB,0
E26,au20,survivalB,6.67
E27,au20,survivalB,0
E28,au20,survivalB,13.33
E29,au20,survivalB,0
E31,au20,survivalB,0
E310,au20,survivalB,0
E32,au20,survivalB,20
E33,au20,survivalB,0
E34,au20,survivalB,0
E35,au20,survivalB,13.33
E36,au20,survivalB,0
E37,au20,survivalB,40
E38,au20,survivalB,6.67
E39,au20,survivalB,0
G11,au20,survivalB,13.33
G110,au20,survivalB,0
G12,au20,survivalB,13.33
G13,au20,survivalB,0
G14,au20,survivalB,13.33
G15,au20,survivalB,13.33
G16,au20,survivalB,13.33
G17,au20,survivalB,0
G18,au20,survivalB,0
G19,au20,survivalB,0
G21,au20,survivalB,0
G210,au20,survivalB,0
G22,au20,survivalB,0
G23,au20,survivalB,0
G24,au20,survivalB,0
G25,au20,survivalB,0
G26,au20,survivalB,0
G27,au20,survivalB,0
G28,au20,survivalB,0
G29,au20,survivalB,0
G31,au20,survivalB,0
G310,au20,survivalB,0
G32,au20,survivalB,0
G33,au20,survivalB,0
G34,au20,survivalB,0
G35,au20,survivalB,0
G36,au20,survivalB,0
G37,au20,survivalB,0
G38,au20,survivalB,0
G39,au20,survivalB,0
P11,au20,survivalB,0
P110,au20,survivalB,0
P12,au20,survivalB,0
P13,au20,survivalB,0
P14,au20,survivalB,0
P15,au20,survivalB,0
P16,au20,survivalB,0
P17,au20,survivalB,0
P18,au20,survivalB,0
P19,au20,survivalB,0
P21,au20,survivalB,0
P210,au20,survivalB,NA
P22,au20,survivalB,0
P23,au20,survivalB,0
P24,au20,survivalB,0
P25,au20,survivalB,0
P26,au20,survivalB,NA
P27,au20,survivalB,0
P28,au20,survivalB,NA
P29,au20,survivalB,0
P31,au20,survivalB,0
P310,au20,survivalB,0
P32,au20,survivalB,0
P33,au20,survivalB,0
P34,au20,survivalB,0
P35,au20,survivalB,0
P36,au20,survivalB,0
P37,au20,survivalB,NA
P38,au20,survivalB,0
P39,au20,survivalB,0
P41,au20,survivalB,0
P410,au20,survivalB,0
P42,au20,survivalB,0
P43,au20,survivalB,0
P44,au20,survivalB,0
P45,au20,survivalB,0
P46,au20,survivalB,0
P47,au20,survivalB,0
P48,au20,survivalB,0
P49,au20,survivalB,0
P51,au20,survivalB,0
P510,au20,survivalB,0
P52,au20,survivalB,NA
P53,au20,survivalB,0
P54,au20,survivalB,0
P55,au20,survivalB,0
P56,au20,survivalB,0
P57,au20,survivalB,0
P58,au20,survivalB,0
P59,au20,survivalB,0
R11,au20,survivalB,6.67
R110,au20,survivalB,26.67
R12,au20,survivalB,53.33
R13,au20,survivalB,0
R14,au20,survivalB,6.67
R15,au20,survivalB,0
R16,au20,survivalB,0
R17,au20,survivalB,0
R18,au20,survivalB,0
R19,au20,survivalB,0
R21,au20,survivalB,0
R210,au20,survivalB,0
R22,au20,survivalB,0
R23,au20,survivalB,0
R24,au20,survivalB,13.33
R25,au20,survivalB,0
R26,au20,survivalB,6.67
R27,au20,survivalB,0
R28,au20,survivalB,0
R29,au20,survivalB,0
R31,au20,survivalB,0
R310,au20,survivalB,0
R32,au20,survivalB,0
R33,au20,survivalB,0
R34,au20,survivalB,0
R35,au20,survivalB,0
R36,au20,survivalB,0
R37,au20,survivalB,0
R38,au20,survivalB,0
R39,au20,survivalB,0
R41,au20,survivalB,0
R410,au20,survivalB,0
R42,au20,survivalB,0
R43,au20,survivalB,0
R44,au20,survivalB,0
R45,au20,survivalB,0
R46,au20,survivalB,0
R47,au20,survivalB,0
R48,au20,survivalB,0
R49,au20,survivalB,0
R51,au20,survivalB,0
R510,au20,survivalB,0
R52,au20,survivalB,0
R53,au20,survivalB,0
R54,au20,survivalB,0
R55,au20,survivalB,0
R56,au20,survivalB,0
R57,au20,survivalB,0
R58,au20,survivalB,0
R59,au20,survivalB,0
G18,au20,survivalJ,0
G14,au20,survivalJ,0
G15,au20,survivalJ,0
G16,au20,survivalJ,0
G17,au20,survivalJ,0
G110,au20,survivalJ,0
G210,au20,survivalJ,0
G31,au20,survivalJ,0
G33,au20,survivalJ,0
G34,au20,survivalJ,0
G32,au20,survivalJ,0
G21,au20,survivalJ,0
E21,au20,survivalJ,0
E24,au20,survivalJ,0
E32,au20,survivalJ,0
E36,au20,survivalJ,0
E310,au20,survivalJ,0
E14,au20,survivalJ,0
E110,au20,survivalJ,0
E31,au20,survivalJ,0
E19,au20,survivalJ,0
E23,au20,survivalJ,0
E13,au20,survivalJ,0
P310,au20,survivalJ,0
R12,au20,survivalJ,0
R14,au20,survivalJ,0
R17,au20,survivalJ,0
R22,au20,survivalJ,0
R24,au20,survivalJ,0
R26,au20,survivalJ,0
R34,au20,survivalJ,0
R35,au20,survivalJ,0
R36,au20,survivalJ,0
R38,au20,survivalJ,0
R41,au20,survivalJ,0
R42,au20,survivalJ,0
R45,au20,survivalJ,0
R52,au20,survivalJ,0
R56,au20,survivalJ,0
R510,au20,survivalJ,0
R11,au20,survivalJ,0
R51,au20,survivalJ,0
B21,au20,survivalJ,6.67
B23,au20,survivalJ,0
B31,au20,survivalJ,0
B33,au20,survivalJ,0
B34,au20,survivalJ,0
B38,au20,survivalJ,0
B43,au20,survivalJ,0
B48,au20,survivalJ,0
B410,au20,survivalJ,0
B510,au20,survivalJ,0
B39,au20,survivalJ,0
B51,au20,survivalJ,0
R13,au20,survivalJ,0
R15,au20,survivalJ,0
R16,au20,survivalJ,0
R18,au20,survivalJ,0
R19,au20,survivalJ,0
R110,au20,survivalJ,0
G11,au20,survivalJ,0
G12,au20,survivalJ,0
G13,au20,survivalJ,0
G19,au20,survivalJ,0
E11,au20,survivalJ,0
E12,au20,survivalJ,0
E15,au20,survivalJ,0
E16,au20,survivalJ,0
E17,au20,survivalJ,0
E18,au20,survivalJ,0
P11,au20,survivalJ,0
P12,au20,survivalJ,0
P13,au20,survivalJ,0
P14,au20,survivalJ,0
P15,au20,survivalJ,0
P16,au20,survivalJ,0
P17,au20,survivalJ,0
P18,au20,survivalJ,0
P19,au20,survivalJ,0
P110,au20,survivalJ,0
B11,au20,survivalJ,0
B12,au20,survivalJ,0
B13,au20,survivalJ,0
B14,au20,survivalJ,NA
B15,au20,survivalJ,0
B16,au20,survivalJ,0
B17,au20,survivalJ,0
B18,au20,survivalJ,0
B19,au20,survivalJ,NA
B110,au20,survivalJ,0
R21,au20,survivalJ,0
R23,au20,survivalJ,0
R25,au20,survivalJ,0
R27,au20,survivalJ,0
R28,au20,survivalJ,0
R29,au20,survivalJ,0
R210,au20,survivalJ,0
G22,au20,survivalJ,0
G23,au20,survivalJ,0
G24,au20,survivalJ,0
G25,au20,survivalJ,0
G26,au20,survivalJ,0
G27,au20,survivalJ,0
G28,au20,survivalJ,0
G29,au20,survivalJ,0
E22,au20,survivalJ,0
E25,au20,survivalJ,0
E26,au20,survivalJ,0
E27,au20,survivalJ,0
E28,au20,survivalJ,0
E29,au20,survivalJ,0
E210,au20,survivalJ,0
P21,au20,survivalJ,0
P22,au20,survivalJ,0
P23,au20,survivalJ,0
P24,au20,survivalJ,0
P25,au20,survivalJ,0
P26,au20,survivalJ,NA
P27,au20,survivalJ,0
P28,au20,survivalJ,NA
P29,au20,survivalJ,0
P210,au20,survivalJ,NA
B22,au20,survivalJ,0
B24,au20,survivalJ,0
B25,au20,survivalJ,0
B26,au20,survivalJ,0
B27,au20,survivalJ,0
B28,au20,survivalJ,0
B29,au20,survivalJ,0
B210,au20,survivalJ,0
R31,au20,survivalJ,0
R32,au20,survivalJ,0
R33,au20,survivalJ,0
R37,au20,survivalJ,0
R39,au20,survivalJ,0
R310,au20,survivalJ,0
G35,au20,survivalJ,0
G36,au20,survivalJ,0
G37,au20,survivalJ,0
G38,au20,survivalJ,0
G39,au20,survivalJ,0
G310,au20,survivalJ,0
E33,au20,survivalJ,0
E34,au20,survivalJ,0
E35,au20,survivalJ,0
E37,au20,survivalJ,0
E38,au20,survivalJ,0
E39,au20,survivalJ,0
P31,au20,survivalJ,0
P32,au20,survivalJ,0
P33,au20,survivalJ,0
P34,au20,survivalJ,0
P35,au20,survivalJ,0
P36,au20,survivalJ,0
P37,au20,survivalJ,NA
P38,au20,survivalJ,0
P39,au20,survivalJ,0
B32,au20,survivalJ,0
B35,au20,survivalJ,0
B36,au20,survivalJ,0
B37,au20,survivalJ,0
B310,au20,survivalJ,0
R43,au20,survivalJ,0
R44,au20,survivalJ,0
R46,au20,survivalJ,0
R47,au20,survivalJ,0
R48,au20,survivalJ,0
R49,au20,survivalJ,0
R410,au20,survivalJ,0
P41,au20,survivalJ,0
P42,au20,survivalJ,0
P43,au20,survivalJ,0
P44,au20,survivalJ,0
P45,au20,survivalJ,0
P46,au20,survivalJ,0
P47,au20,survivalJ,0
P48,au20,survivalJ,0
P49,au20,survivalJ,0
P410,au20,survivalJ,0
B41,au20,survivalJ,0
B42,au20,survivalJ,0
B44,au20,survivalJ,0
B45,au20,survivalJ,0
B46,au20,survivalJ,0
B47,au20,survivalJ,0
B49,au20,survivalJ,0
R53,au20,survivalJ,0
R54,au20,survivalJ,0
R55,au20,survivalJ,0
R57,au20,survivalJ,0
R58,au20,survivalJ,0
R59,au20,survivalJ,0
P51,au20,survivalJ,0
P52,au20,survivalJ,NA
P53,au20,survivalJ,0
P54,au20,survivalJ,0
P55,au20,survivalJ,0
P56,au20,survivalJ,0
P57,au20,survivalJ,0
P58,au20,survivalJ,0
P59,au20,survivalJ,0
P510,au20,survivalJ,0
B52,au20,survivalJ,0
B53,au20,survivalJ,0
B54,au20,survivalJ,0
B55,au20,survivalJ,NA
B56,au20,survivalJ,0
B57,au20,survivalJ,0
B58,au20,survivalJ,NA
B59,au20,survivalJ,0
R11,au18,vwc,11
R12,au18,vwc,10
R13,au18,vwc,7
R14,au18,vwc,7
R15,au18,vwc,6
R16,au18,vwc,11
R17,au18,vwc,7
R18,au18,vwc,10
R19,au18,vwc,8
R110,au18,vwc,9
G11,au18,vwc,4
G12,au18,vwc,4
G13,au18,vwc,11
G14,au18,vwc,4
G15,au18,vwc,9
G16,au18,vwc,4
G17,au18,vwc,7
G18,au18,vwc,4
G19,au18,vwc,7
G110,au18,vwc,7
E11,au18,vwc,10
E12,au18,vwc,8
E13,au18,vwc,7
E14,au18,vwc,6
E15,au18,vwc,7
E16,au18,vwc,4
E17,au18,vwc,8
E18,au18,vwc,7
E19,au18,vwc,6
E110,au18,vwc,7
P11,au18,vwc,8
P12,au18,vwc,7
P13,au18,vwc,8
P14,au18,vwc,10
P15,au18,vwc,4
P16,au18,vwc,13
P17,au18,vwc,5
P18,au18,vwc,8
P19,au18,vwc,8
P110,au18,vwc,10
B11,au18,vwc,NA
B12,au18,vwc,NA
B13,au18,vwc,30
B14,au18,vwc,NA
B15,au18,vwc,39
B16,au18,vwc,23
B17,au18,vwc,17
B18,au18,vwc,21
B19,au18,vwc,39
B110,au18,vwc,16
R21,au18,vwc,NA
R22,au18,vwc,NA
R23,au18,vwc,NA
R24,au18,vwc,NA
R25,au18,vwc,NA
R26,au18,vwc,NA
R27,au18,vwc,NA
R28,au18,vwc,NA
R29,au18,vwc,NA
R210,au18,vwc,NA
G21,au18,vwc,NA
G22,au18,vwc,NA
G23,au18,vwc,NA
G24,au18,vwc,NA
G25,au18,vwc,NA
G26,au18,vwc,NA
G27,au18,vwc,NA
G28,au18,vwc,NA
G29,au18,vwc,NA
G210,au18,vwc,NA
E21,au18,vwc,NA
E22,au18,vwc,NA
E23,au18,vwc,NA
E24,au18,vwc,NA
E25,au18,vwc,NA
E26,au18,vwc,NA
E27,au18,vwc,NA
E28,au18,vwc,NA
E29,au18,vwc,NA
E210,au18,vwc,NA
P21,au18,vwc,NA
P22,au18,vwc,NA
P23,au18,vwc,NA
P24,au18,vwc,NA
P25,au18,vwc,NA
P26,au18,vwc,NA
P27,au18,vwc,NA
P28,au18,vwc,NA
P29,au18,vwc,NA
P210,au18,vwc,NA
B21,au18,vwc,NA
B22,au18,vwc,NA
B23,au18,vwc,NA
B24,au18,vwc,NA
B25,au18,vwc,NA
B26,au18,vwc,NA
B27,au18,vwc,NA
B28,au18,vwc,NA
B29,au18,vwc,NA
B210,au18,vwc,NA
R31,au18,vwc,NA
R32,au18,vwc,NA
R33,au18,vwc,NA
R34,au18,vwc,NA
R35,au18,vwc,NA
R36,au18,vwc,NA
R37,au18,vwc,NA
R38,au18,vwc,NA
R39,au18,vwc,NA
R310,au18,vwc,NA
G31,au18,vwc,NA
G32,au18,vwc,NA
G33,au18,vwc,NA
G34,au18,vwc,NA
G35,au18,vwc,NA
G36,au18,vwc,NA
G37,au18,vwc,NA
G38,au18,vwc,NA
G39,au18,vwc,NA
G310,au18,vwc,NA
E31,au18,vwc,NA
E32,au18,vwc,NA
E33,au18,vwc,NA
E34,au18,vwc,NA
E35,au18,vwc,NA
E36,au18,vwc,NA
E37,au18,vwc,NA
E38,au18,vwc,NA
E39,au18,vwc,NA
E310,au18,vwc,NA
P31,au18,vwc,NA
P32,au18,vwc,NA
P33,au18,vwc,NA
P34,au18,vwc,NA
P35,au18,vwc,NA
P36,au18,vwc,NA
P37,au18,vwc,NA
P38,au18,vwc,NA
P39,au18,vwc,NA
P310,au18,vwc,NA
B31,au18,vwc,NA
B32,au18,vwc,NA
B33,au18,vwc,NA
B34,au18,vwc,NA
B35,au18,vwc,NA
B36,au18,vwc,NA
B37,au18,vwc,NA
B38,au18,vwc,NA
B39,au18,vwc,NA
B310,au18,vwc,NA
R41,au18,vwc,4
R42,au18,vwc,7
R43,au18,vwc,4
R44,au18,vwc,4
R45,au18,vwc,9
R46,au18,vwc,7
R47,au18,vwc,6
R48,au18,vwc,7
R49,au18,vwc,6
R410,au18,vwc,10
P41,au18,vwc,7
P42,au18,vwc,6
P43,au18,vwc,7
P44,au18,vwc,4
P45,au18,vwc,6
P46,au18,vwc,4
P47,au18,vwc,3
P48,au18,vwc,4
P49,au18,vwc,4
P410,au18,vwc,6
B41,au18,vwc,13
B42,au18,vwc,3
B43,au18,vwc,8
B44,au18,vwc,9
B45,au18,vwc,18
B46,au18,vwc,6
B47,au18,vwc,22
B48,au18,vwc,9
B49,au18,vwc,NA
B410,au18,vwc,19
R51,au18,vwc,8
R52,au18,vwc,6
R53,au18,vwc,11
R54,au18,vwc,7
R55,au18,vwc,4
R56,au18,vwc,6
R57,au18,vwc,7
R58,au18,vwc,11
R59,au18,vwc,7
R510,au18,vwc,7
P51,au18,vwc,7
P52,au18,vwc,6
P53,au18,vwc,5
P54,au18,vwc,8
P55,au18,vwc,6
P56,au18,vwc,7
P57,au18,vwc,8
P58,au18,vwc,6
P59,au18,vwc,7
P510,au18,vwc,3
B51,au18,vwc,12
B52,au18,vwc,18
B53,au18,vwc,15
B54,au18,vwc,14
B55,au18,vwc,NA
B56,au18,vwc,10
B57,au18,vwc,10
B58,au18,vwc,NA
B59,au18,vwc,14
B510,au18,vwc,12
R11,au20,vwc,2.8
R12,au20,vwc,3.3
R13,au20,vwc,2.3
R14,au20,vwc,4.6
R15,au20,vwc,2.6
R16,au20,vwc,3
R17,au20,vwc,2.3
R18,au20,vwc,3.2
R19,au20,vwc,4.2
R110,au20,vwc,5.5
G11,au20,vwc,1.8
G12,au20,vwc,0
G13,au20,vwc,0
G14,au20,vwc,1.2
G15,au20,vwc,1.4
G16,au20,vwc,0
G17,au20,vwc,0
G18,au20,vwc,NA
G19,au20,vwc,0
G110,au20,vwc,0
E11,au20,vwc,1.1
E12,au20,vwc,0.8
E13,au20,vwc,2
E14,au20,vwc,0
E15,au20,vwc,0
E16,au20,vwc,1.3
E17,au20,vwc,NA
E18,au20,vwc,5.4
E19,au20,vwc,0
E110,au20,vwc,0
P11,au20,vwc,1.1
P12,au20,vwc,NA
P13,au20,vwc,NA
P14,au20,vwc,0
P15,au20,vwc,0.9
P16,au20,vwc,NA
P17,au20,vwc,NA
P18,au20,vwc,4.5
P19,au20,vwc,3.8
P110,au20,vwc,2.8
B11,au20,vwc,10
B12,au20,vwc,30.3
B13,au20,vwc,17.5
B14,au20,vwc,NA
B15,au20,vwc,10.4
B16,au20,vwc,NA
B17,au20,vwc,73.8
B18,au20,vwc,47.9
B19,au20,vwc,NA
B110,au20,vwc,6.9
R21,au20,vwc,1
R22,au20,vwc,0.8
R23,au20,vwc,1.8
R24,au20,vwc,5
R25,au20,vwc,3.3
R26,au20,vwc,2.3
R27,au20,vwc,1.8
R28,au20,vwc,2.4
R29,au20,vwc,2.1
R210,au20,vwc,4.1
G21,au20,vwc,2.9
G22,au20,vwc,0
G23,au20,vwc,4.3
G24,au20,vwc,2.7
G25,au20,vwc,0
G26,au20,vwc,0
G27,au20,vwc,0
G28,au20,vwc,NA
G29,au20,vwc,0
G210,au20,vwc,1.6
E21,au20,vwc,2.9
E22,au20,vwc,3.7
E23,au20,vwc,5.3
E24,au20,vwc,2.3
E25,au20,vwc,1.6
E26,au20,vwc,1.3
E27,au20,vwc,1.3
E28,au20,vwc,3.6
E29,au20,vwc,2.9
E210,au20,vwc,2
P21,au20,vwc,2.3
P22,au20,vwc,2.4
P23,au20,vwc,2.8
P24,au20,vwc,1.9
P25,au20,vwc,4.2
P26,au20,vwc,NA
P27,au20,vwc,2.6
P28,au20,vwc,NA
P29,au20,vwc,3.7
P210,au20,vwc,NA
B21,au20,vwc,5.4
B22,au20,vwc,6.3
B23,au20,vwc,30.4
B24,au20,vwc,NA
B25,au20,vwc,6.8
B26,au20,vwc,7.6
B27,au20,vwc,12.3
B28,au20,vwc,11.1
B29,au20,vwc,14.8
B210,au20,vwc,5.6
R31,au20,vwc,1.4
R32,au20,vwc,2.4
R33,au20,vwc,2.3
R34,au20,vwc,2.9
R35,au20,vwc,3
R36,au20,vwc,1.5
R37,au20,vwc,2
R38,au20,vwc,2.8
R39,au20,vwc,5.6
R310,au20,vwc,1.5
G31,au20,vwc,2.9
G32,au20,vwc,3
G33,au20,vwc,2
G34,au20,vwc,3.7
G35,au20,vwc,2
G36,au20,vwc,2.5
G37,au20,vwc,2.8
G38,au20,vwc,1.6
G39,au20,vwc,1.1
G310,au20,vwc,2
E31,au20,vwc,2
E32,au20,vwc,1.4
E33,au20,vwc,1.8
E34,au20,vwc,3.1
E35,au20,vwc,3.2
E36,au20,vwc,1.9
E37,au20,vwc,2.1
E38,au20,vwc,0.8
E39,au20,vwc,3.7
E310,au20,vwc,4.1
P31,au20,vwc,2.7
P32,au20,vwc,3.8
P33,au20,vwc,NA
P34,au20,vwc,4.9
P35,au20,vwc,1.6
P36,au20,vwc,1.7
P37,au20,vwc,NA
P38,au20,vwc,8.8
P39,au20,vwc,2.1
P310,au20,vwc,3
B31,au20,vwc,37.2
B32,au20,vwc,35.1
B33,au20,vwc,35
B34,au20,vwc,3.9
B35,au20,vwc,5.9
B36,au20,vwc,NA
B37,au20,vwc,73.4
B38,au20,vwc,48.2
B39,au20,vwc,73.4
B310,au20,vwc,21.4
R41,au20,vwc,4.5
R42,au20,vwc,2
R43,au20,vwc,6.5
R44,au20,vwc,4.3
R45,au20,vwc,6.7
R46,au20,vwc,6.4
R47,au20,vwc,4.6
R48,au20,vwc,3.7
R49,au20,vwc,3.8
R410,au20,vwc,7.9
P41,au20,vwc,2.6
P42,au20,vwc,3
P43,au20,vwc,4
P44,au20,vwc,4.3
P45,au20,vwc,3.3
P46,au20,vwc,2.5
P47,au20,vwc,3.6
P48,au20,vwc,4.6
P49,au20,vwc,NA
P410,au20,vwc,NA
B41,au20,vwc,10.4
B42,au20,vwc,13.9
B43,au20,vwc,9.4
B44,au20,vwc,NA
B45,au20,vwc,1.2
B46,au20,vwc,12
B47,au20,vwc,11.6
B48,au20,vwc,14.4
B49,au20,vwc,19.5
B410,au20,vwc,19
R51,au20,vwc,3.8
R52,au20,vwc,2.3
R53,au20,vwc,1.1
R54,au20,vwc,4.6
R55,au20,vwc,3.1
R56,au20,vwc,3.6
R57,au20,vwc,3.9
R58,au20,vwc,2.5
R59,au20,vwc,7.1
R510,au20,vwc,2.5
P51,au20,vwc,1.4
P52,au20,vwc,NA
P53,au20,vwc,2.2
P54,au20,vwc,NA
P55,au20,vwc,5
P56,au20,vwc,4.5
P57,au20,vwc,5.9
P58,au20,vwc,2.8
P59,au20,vwc,3.2
P510,au20,vwc,NA
B51,au20,vwc,11.1
B52,au20,vwc,18.2
B53,au20,vwc,NA
B54,au20,vwc,18.8
B55,au20,vwc,NA
B56,au20,vwc,20.4
B57,au20,vwc,13.7
B58,au20,vwc,NA
B59,au20,vwc,40.2
B510,au20,vwc,33.4
R11,sp20,vwc,3.1
R12,sp20,vwc,2.3
R13,sp20,vwc,2.2
R14,sp20,vwc,1.7
R15,sp20,vwc,1.5
R16,sp20,vwc,1.7
R17,sp20,vwc,4.9
R18,sp20,vwc,2.6
R19,sp20,vwc,2
R110,sp20,vwc,4.6
G11,sp20,vwc,3.3
G12,sp20,vwc,6
G13,sp20,vwc,5
G14,sp20,vwc,3
G15,sp20,vwc,6
G16,sp20,vwc,2.3
G17,sp20,vwc,6
G18,sp20,vwc,NA
G19,sp20,vwc,4
G110,sp20,vwc,5
E11,sp20,vwc,10
E12,sp20,vwc,16
E13,sp20,vwc,4
E14,sp20,vwc,6
E15,sp20,vwc,4
E16,sp20,vwc,6
E17,sp20,vwc,8.1
E18,sp20,vwc,14
E19,sp20,vwc,16
E110,sp20,vwc,3.2
P11,sp20,vwc,NA
P12,sp20,vwc,4
P13,sp20,vwc,0
P14,sp20,vwc,5
P15,sp20,vwc,4
P16,sp20,vwc,1.6
P17,sp20,vwc,2.5
P18,sp20,vwc,NA
P19,sp20,vwc,8
P110,sp20,vwc,4
B11,sp20,vwc,26.6
B12,sp20,vwc,53
B13,sp20,vwc,47.4
B14,sp20,vwc,NA
B15,sp20,vwc,32.5
B16,sp20,vwc,NA
B17,sp20,vwc,73.8
B18,sp20,vwc,27.7
B19,sp20,vwc,NA
B110,sp20,vwc,44.9
R21,sp20,vwc,2.5
R22,sp20,vwc,10
R23,sp20,vwc,3
R24,sp20,vwc,9.2
R25,sp20,vwc,1.4
R26,sp20,vwc,6
R27,sp20,vwc,1
R28,sp20,vwc,9
R29,sp20,vwc,5
R210,sp20,vwc,6
G21,sp20,vwc,11
G22,sp20,vwc,NA
G23,sp20,vwc,NA
G24,sp20,vwc,7
G25,sp20,vwc,10
G26,sp20,vwc,6
G27,sp20,vwc,5
G28,sp20,vwc,7
G29,sp20,vwc,6
G210,sp20,vwc,6
E21,sp20,vwc,4
E22,sp20,vwc,3
E23,sp20,vwc,2.5
E24,sp20,vwc,2.4
E25,sp20,vwc,0
E26,sp20,vwc,4.7
E27,sp20,vwc,6
E28,sp20,vwc,9
E29,sp20,vwc,8
E210,sp20,vwc,10
P21,sp20,vwc,4
P22,sp20,vwc,3
P23,sp20,vwc,3
P24,sp20,vwc,6
P25,sp20,vwc,7
P26,sp20,vwc,NA
P27,sp20,vwc,0
P28,sp20,vwc,NA
P29,sp20,vwc,3
P210,sp20,vwc,NA
B21,sp20,vwc,20.8
B22,sp20,vwc,13.9
B23,sp20,vwc,30
B24,sp20,vwc,11.9
B25,sp20,vwc,20.9
B26,sp20,vwc,21.1
B27,sp20,vwc,10.8
B28,sp20,vwc,15.7
B29,sp20,vwc,25.1
B210,sp20,vwc,15.7
R31,sp20,vwc,6
R32,sp20,vwc,7
R33,sp20,vwc,7
R34,sp20,vwc,1.7
R35,sp20,vwc,3.3
R36,sp20,vwc,4.3
R37,sp20,vwc,7
R38,sp20,vwc,10
R39,sp20,vwc,12
R310,sp20,vwc,10
G31,sp20,vwc,6.1
G32,sp20,vwc,1.9
G33,sp20,vwc,2.5
G34,sp20,vwc,3.7
G35,sp20,vwc,1.5
G36,sp20,vwc,2
G37,sp20,vwc,3.9
G38,sp20,vwc,0
G39,sp20,vwc,6
G310,sp20,vwc,1
E31,sp20,vwc,3.1
E32,sp20,vwc,8
E33,sp20,vwc,10
E34,sp20,vwc,3.5
E35,sp20,vwc,7
E36,sp20,vwc,5.4
E37,sp20,vwc,8
E38,sp20,vwc,0
E39,sp20,vwc,1.8
E310,sp20,vwc,5.9
P31,sp20,vwc,6
P32,sp20,vwc,7
P33,sp20,vwc,7
P34,sp20,vwc,9
P35,sp20,vwc,5
P36,sp20,vwc,6
P37,sp20,vwc,NA
P38,sp20,vwc,7
P39,sp20,vwc,14
P310,sp20,vwc,10
B31,sp20,vwc,53
B32,sp20,vwc,51
B33,sp20,vwc,25
B34,sp20,vwc,40
B35,sp20,vwc,10
B36,sp20,vwc,64
B37,sp20,vwc,50
B38,sp20,vwc,43
B39,sp20,vwc,62
B310,sp20,vwc,44
R41,sp20,vwc,2.3
R42,sp20,vwc,1.5
R43,sp20,vwc,1.4
R44,sp20,vwc,1.2
R45,sp20,vwc,0.8
R46,sp20,vwc,0.5
R47,sp20,vwc,2.1
R48,sp20,vwc,1.7
R49,sp20,vwc,0
R410,sp20,vwc,1.9
P41,sp20,vwc,0
P42,sp20,vwc,0
P43,sp20,vwc,1.3
P44,sp20,vwc,NA
P45,sp20,vwc,NA
P46,sp20,vwc,0
P47,sp20,vwc,NA
P48,sp20,vwc,0
P49,sp20,vwc,NA
P410,sp20,vwc,NA
B41,sp20,vwc,20.3
B42,sp20,vwc,2.7
B43,sp20,vwc,0
B44,sp20,vwc,NA
B45,sp20,vwc,0.9
B46,sp20,vwc,0
B47,sp20,vwc,5.7
B48,sp20,vwc,1.9
B49,sp20,vwc,3.7
B410,sp20,vwc,2
R51,sp20,vwc,1.7
R52,sp20,vwc,1.3
R53,sp20,vwc,2.1
R54,sp20,vwc,NA
R55,sp20,vwc,1.1
R56,sp20,vwc,1.5
R57,sp20,vwc,1.1
R58,sp20,vwc,0.9
R59,sp20,vwc,0.1
R510,sp20,vwc,0.7
P51,sp20,vwc,0
P52,sp20,vwc,NA
P53,sp20,vwc,0
P54,sp20,vwc,NA
P55,sp20,vwc,NA
P56,sp20,vwc,0
P57,sp20,vwc,0
P58,sp20,vwc,0
P59,sp20,vwc,0
P510,sp20,vwc,NA
B51,sp20,vwc,0.8
B52,sp20,vwc,10.4
B53,sp20,vwc,8.1
B54,sp20,vwc,9.5
B55,sp20,vwc,NA
B56,sp20,vwc,NA
B57,sp20,vwc,3
B58,sp20,vwc,NA
B59,sp20,vwc,40
B510,sp20,vwc,23.8
R11,sp19,vwc,4
R12,sp19,vwc,7
R13,sp19,vwc,7
R14,sp19,vwc,4
R15,sp19,vwc,4
R16,sp19,vwc,4
R17,sp19,vwc,4
R18,sp19,vwc,6
R19,sp19,vwc,3
R110,sp19,vwc,11
G11,sp19,vwc,3
G12,sp19,vwc,4
G13,sp19,vwc,19
G14,sp19,vwc,6
G15,sp19,vwc,2
G16,sp19,vwc,5
G17,sp19,vwc,3
G18,sp19,vwc,11
G19,sp19,vwc,NA
G110,sp19,vwc,10
E11,sp19,vwc,7
E12,sp19,vwc,2
E13,sp19,vwc,5
E14,sp19,vwc,5
E15,sp19,vwc,2
E16,sp19,vwc,15
E17,sp19,vwc,2
E18,sp19,vwc,2
E19,sp19,vwc,0
E110,sp19,vwc,4
P11,sp19,vwc,4
P12,sp19,vwc,6
P13,sp19,vwc,6
P14,sp19,vwc,10
P15,sp19,vwc,0
P16,sp19,vwc,6
P17,sp19,vwc,4
P18,sp19,vwc,10
P19,sp19,vwc,8
P110,sp19,vwc,3
B11,sp19,vwc,8
B12,sp19,vwc,8
B13,sp19,vwc,34
B14,sp19,vwc,NA
B15,sp19,vwc,17
B16,sp19,vwc,21
B17,sp19,vwc,3
B18,sp19,vwc,21
B19,sp19,vwc,8
B110,sp19,vwc,17
R21,sp19,vwc,11
R22,sp19,vwc,9
R23,sp19,vwc,6
R24,sp19,vwc,5
R25,sp19,vwc,8
R26,sp19,vwc,6
R27,sp19,vwc,2
R28,sp19,vwc,4
R29,sp19,vwc,6
R210,sp19,vwc,6
G21,sp19,vwc,4
G22,sp19,vwc,8
G23,sp19,vwc,5
G24,sp19,vwc,17
G25,sp19,vwc,4
G26,sp19,vwc,3
G27,sp19,vwc,5
G28,sp19,vwc,4
G29,sp19,vwc,7
G210,sp19,vwc,4
E21,sp19,vwc,5
E22,sp19,vwc,10
E23,sp19,vwc,13
E24,sp19,vwc,6
E25,sp19,vwc,4
E26,sp19,vwc,7
E27,sp19,vwc,4
E28,sp19,vwc,8
E29,sp19,vwc,8
E210,sp19,vwc,15
P21,sp19,vwc,4
P22,sp19,vwc,5
P23,sp19,vwc,8
P24,sp19,vwc,3
P25,sp19,vwc,2
P26,sp19,vwc,NA
P27,sp19,vwc,9
P28,sp19,vwc,NA
P29,sp19,vwc,5
P210,sp19,vwc,NA
B21,sp19,vwc,14
B22,sp19,vwc,12
B23,sp19,vwc,35
B24,sp19,vwc,16
B25,sp19,vwc,15
B26,sp19,vwc,22
B27,sp19,vwc,15
B28,sp19,vwc,15
B29,sp19,vwc,35
B210,sp19,vwc,20
R31,sp19,vwc,12
R32,sp19,vwc,8
R33,sp19,vwc,22
R34,sp19,vwc,9
R35,sp19,vwc,7
R36,sp19,vwc,8
R37,sp19,vwc,13
R38,sp19,vwc,6
R39,sp19,vwc,7
R310,sp19,vwc,3
G31,sp19,vwc,8
G32,sp19,vwc,12
G33,sp19,vwc,7
G34,sp19,vwc,4
G35,sp19,vwc,3
G36,sp19,vwc,11
G37,sp19,vwc,7
G38,sp19,vwc,17
G39,sp19,vwc,9
G310,sp19,vwc,7
E31,sp19,vwc,13
E32,sp19,vwc,10
E33,sp19,vwc,8
E34,sp19,vwc,7
E35,sp19,vwc,8
E36,sp19,vwc,5
E37,sp19,vwc,7
E38,sp19,vwc,6
E39,sp19,vwc,4
E310,sp19,vwc,5
P31,sp19,vwc,6
P32,sp19,vwc,6
P33,sp19,vwc,8
P34,sp19,vwc,4
P35,sp19,vwc,3
P36,sp19,vwc,6
P37,sp19,vwc,4
P38,sp19,vwc,12
P39,sp19,vwc,4
P310,sp19,vwc,8
B31,sp19,vwc,19
B32,sp19,vwc,12
B33,sp19,vwc,19
B34,sp19,vwc,19
B35,sp19,vwc,4
B36,sp19,vwc,19
B37,sp19,vwc,12
B38,sp19,vwc,6
B39,sp19,vwc,18
B310,sp19,vwc,NA
R41,sp19,vwc,6
R42,sp19,vwc,4
R43,sp19,vwc,7
R44,sp19,vwc,8
R45,sp19,vwc,6
R46,sp19,vwc,8
R47,sp19,vwc,7
R48,sp19,vwc,8
R49,sp19,vwc,6
R410,sp19,vwc,7
P41,sp19,vwc,6
P42,sp19,vwc,6
P43,sp19,vwc,7
P44,sp19,vwc,7
P45,sp19,vwc,6
P46,sp19,vwc,7
P47,sp19,vwc,5
P48,sp19,vwc,12
P49,sp19,vwc,4
P410,sp19,vwc,4
B41,sp19,vwc,18
B42,sp19,vwc,49
B43,sp19,vwc,18
B44,sp19,vwc,40
B45,sp19,vwc,24
B46,sp19,vwc,15
B47,sp19,vwc,45
B48,sp19,vwc,18
B49,sp19,vwc,44
B410,sp19,vwc,26
R51,sp19,vwc,12
R52,sp19,vwc,18
R53,sp19,vwc,10
R54,sp19,vwc,9
R55,sp19,vwc,6
R56,sp19,vwc,9
R57,sp19,vwc,7
R58,sp19,vwc,8
R59,sp19,vwc,7
R510,sp19,vwc,8
P51,sp19,vwc,12
P52,sp19,vwc,6
P53,sp19,vwc,8
P54,sp19,vwc,11
P55,sp19,vwc,7
P56,sp19,vwc,5
P57,sp19,vwc,4
P58,sp19,vwc,5
P59,sp19,vwc,9
P510,sp19,vwc,13
B51,sp19,vwc,18
B52,sp19,vwc,30
B53,sp19,vwc,46
B54,sp19,vwc,31
B55,sp19,vwc,NA
B56,sp19,vwc,28
B57,sp19,vwc,66
B58,sp19,vwc,NA
B59,sp19,vwc,68
B510,sp19,vwc,43
R11,au19,vwc,NA
R12,au19,vwc,NA
R13,au19,vwc,NA
R14,au19,vwc,NA
R15,au19,vwc,NA
R16,au19,vwc,NA
R17,au19,vwc,NA
R18,au19,vwc,NA
R19,au19,vwc,NA
R110,au19,vwc,NA
G11,au19,vwc,NA
G12,au19,vwc,NA
G13,au19,vwc,NA
G14,au19,vwc,NA
G15,au19,vwc,NA
G16,au19,vwc,NA
G17,au19,vwc,NA
G18,au19,vwc,NA
G19,au19,vwc,NA
G110,au19,vwc,NA
E11,au19,vwc,NA
E12,au19,vwc,NA
E13,au19,vwc,NA
E14,au19,vwc,NA
E15,au19,vwc,NA
E16,au19,vwc,NA
E17,au19,vwc,NA
E18,au19,vwc,NA
E19,au19,vwc,NA
E110,au19,vwc,NA
P11,au19,vwc,NA
P12,au19,vwc,NA
P13,au19,vwc,NA
P14,au19,vwc,NA
P15,au19,vwc,NA
P16,au19,vwc,NA
P17,au19,vwc,NA
P18,au19,vwc,NA
P19,au19,vwc,NA
P110,au19,vwc,NA
B11,au19,vwc,18
B12,au19,vwc,36
B13,au19,vwc,NA
B14,au19,vwc,NA
B15,au19,vwc,30
B16,au19,vwc,23
B17,au19,vwc,38
B18,au19,vwc,36
B19,au19,vwc,NA
B110,au19,vwc,12
R21,au19,vwc,10
R22,au19,vwc,10
R23,au19,vwc,10
R24,au19,vwc,12
R25,au19,vwc,12
R26,au19,vwc,14
R27,au19,vwc,8
R28,au19,vwc,11
R29,au19,vwc,18
R210,au19,vwc,13
G21,au19,vwc,10
G22,au19,vwc,11
G23,au19,vwc,9
G24,au19,vwc,15
G25,au19,vwc,11
G26,au19,vwc,11
G27,au19,vwc,12
G28,au19,vwc,12
G29,au19,vwc,8
G210,au19,vwc,14
E21,au19,vwc,10
E22,au19,vwc,11
E23,au19,vwc,16
E24,au19,vwc,14
E25,au19,vwc,27
E26,au19,vwc,14
E27,au19,vwc,11
E28,au19,vwc,16
E29,au19,vwc,23
E210,au19,vwc,14
P21,au19,vwc,18
P22,au19,vwc,12
P23,au19,vwc,14
P24,au19,vwc,13
P25,au19,vwc,13
P26,au19,vwc,NA
P27,au19,vwc,8
P28,au19,vwc,NA
P29,au19,vwc,8
P210,au19,vwc,NA
B21,au19,vwc,16
B22,au19,vwc,22
B23,au19,vwc,20
B24,au19,vwc,20
B25,au19,vwc,5
B26,au19,vwc,24
B27,au19,vwc,24
B28,au19,vwc,40
B29,au19,vwc,43
B210,au19,vwc,12
R31,au19,vwc,22
R32,au19,vwc,12
R33,au19,vwc,20
R34,au19,vwc,10
R35,au19,vwc,8
R36,au19,vwc,10
R37,au19,vwc,18
R38,au19,vwc,10
R39,au19,vwc,11
R310,au19,vwc,11
G31,au19,vwc,14
G32,au19,vwc,11
G33,au19,vwc,16
G34,au19,vwc,17
G35,au19,vwc,17
G36,au19,vwc,18
G37,au19,vwc,14
G38,au19,vwc,8
G39,au19,vwc,14
G310,au19,vwc,15
E31,au19,vwc,16
E32,au19,vwc,NA
E33,au19,vwc,16
E34,au19,vwc,11
E35,au19,vwc,9
E36,au19,vwc,10
E37,au19,vwc,18
E38,au19,vwc,14
E39,au19,vwc,15
E310,au19,vwc,16
P31,au19,vwc,10
P32,au19,vwc,12
P33,au19,vwc,15
P34,au19,vwc,20
P35,au19,vwc,13
P36,au19,vwc,13
P37,au19,vwc,NA
P38,au19,vwc,13
P39,au19,vwc,18
P310,au19,vwc,14
B31,au19,vwc,38
B32,au19,vwc,38
B33,au19,vwc,16
B34,au19,vwc,27
B35,au19,vwc,18
B36,au19,vwc,48
B37,au19,vwc,48
B38,au19,vwc,39
B39,au19,vwc,45
B310,au19,vwc,31
R41,au19,vwc,8
R42,au19,vwc,10
R43,au19,vwc,10
R44,au19,vwc,12
R45,au19,vwc,10
R46,au19,vwc,14
R47,au19,vwc,9
R48,au19,vwc,18
R49,au19,vwc,10
R410,au19,vwc,14
P41,au19,vwc,10
P42,au19,vwc,8
P43,au19,vwc,7
P44,au19,vwc,7
P45,au19,vwc,8
P46,au19,vwc,7
P47,au19,vwc,6
P48,au19,vwc,7
P49,au19,vwc,16
P410,au19,vwc,8
B41,au19,vwc,20
B42,au19,vwc,12
B43,au19,vwc,16
B44,au19,vwc,20
B45,au19,vwc,8
B46,au19,vwc,8
B47,au19,vwc,23
B48,au19,vwc,20
B49,au19,vwc,10
B410,au19,vwc,12
R51,au19,vwc,8
R52,au19,vwc,8
R53,au19,vwc,6
R54,au19,vwc,8
R55,au19,vwc,8
R56,au19,vwc,10
R57,au19,vwc,8
R58,au19,vwc,10
R59,au19,vwc,12
R510,au19,vwc,16
P51,au19,vwc,12
P52,au19,vwc,NA
P53,au19,vwc,14
P54,au19,vwc,15
P55,au19,vwc,7
P56,au19,vwc,6
P57,au19,vwc,16
P58,au19,vwc,11
P59,au19,vwc,19
P510,au19,vwc,17
B51,au19,vwc,11
B52,au19,vwc,29
B53,au19,vwc,8
B54,au19,vwc,22
B55,au19,vwc,NA
B56,au19,vwc,18
B57,au19,vwc,24
B58,au19,vwc,NA
B59,au19,vwc,14
B510,au19,vwc,18
R11,su18,vwc,2
R12,su18,vwc,3
R13,su18,vwc,4
R14,su18,vwc,4
R15,su18,vwc,2
R16,su18,vwc,3
R17,su18,vwc,2
R18,su18,vwc,0
R19,su18,vwc,0
R110,su18,vwc,1
G11,su18,vwc,7
G12,su18,vwc,5
G13,su18,vwc,2
G14,su18,vwc,4
G15,su18,vwc,4
G16,su18,vwc,0
G17,su18,vwc,2
G18,su18,vwc,3
G19,su18,vwc,1
G110,su18,vwc,4
E11,su18,vwc,3
E12,su18,vwc,5
E13,su18,vwc,2
E14,su18,vwc,4
E15,su18,vwc,1
E16,su18,vwc,8
E17,su18,vwc,2
E18,su18,vwc,3
E19,su18,vwc,4
E110,su18,vwc,3
P11,su18,vwc,1
P12,su18,vwc,0
P13,su18,vwc,2
P14,su18,vwc,1
P15,su18,vwc,4
P16,su18,vwc,0
P17,su18,vwc,0
P18,su18,vwc,1
P19,su18,vwc,0
P110,su18,vwc,1
B11,su18,vwc,16
B12,su18,vwc,10
B13,su18,vwc,30
B14,su18,vwc,NA
B15,su18,vwc,18
B16,su18,vwc,23
B17,su18,vwc,20
B18,su18,vwc,6
B19,su18,vwc,17
B110,su18,vwc,14
R21,su18,vwc,0
R22,su18,vwc,2
R23,su18,vwc,3
R24,su18,vwc,3
R25,su18,vwc,4
R26,su18,vwc,7
R27,su18,vwc,4
R28,su18,vwc,2
R29,su18,vwc,2
R210,su18,vwc,4
G21,su18,vwc,1
G22,su18,vwc,1
G23,su18,vwc,2
G24,su18,vwc,2
G25,su18,vwc,0
G26,su18,vwc,3
G27,su18,vwc,4
G28,su18,vwc,3
G29,su18,vwc,5
G210,su18,vwc,1
E21,su18,vwc,4
E22,su18,vwc,4
E23,su18,vwc,6
E24,su18,vwc,4
E25,su18,vwc,4
E26,su18,vwc,8
E27,su18,vwc,3
E28,su18,vwc,4
E29,su18,vwc,4
E210,su18,vwc,6
P21,su18,vwc,1
P22,su18,vwc,2
P23,su18,vwc,2
P24,su18,vwc,3
P25,su18,vwc,0
P26,su18,vwc,2
P27,su18,vwc,3
P28,su18,vwc,NA
P29,su18,vwc,2
P210,su18,vwc,2
B21,su18,vwc,11
B22,su18,vwc,13
B23,su18,vwc,15
B24,su18,vwc,8
B25,su18,vwc,NA
B26,su18,vwc,8
B27,su18,vwc,4
B28,su18,vwc,7
B29,su18,vwc,4
B210,su18,vwc,8
R31,su18,vwc,3
R32,su18,vwc,2
R33,su18,vwc,1
R34,su18,vwc,1
R35,su18,vwc,0
R36,su18,vwc,2
R37,su18,vwc,2
R38,su18,vwc,4
R39,su18,vwc,4
R310,su18,vwc,3
G31,su18,vwc,3
G32,su18,vwc,6
G33,su18,vwc,5
G34,su18,vwc,5
G35,su18,vwc,4
G36,su18,vwc,4
G37,su18,vwc,5
G38,su18,vwc,1
G39,su18,vwc,3
G310,su18,vwc,3
E31,su18,vwc,3
E32,su18,vwc,3
E33,su18,vwc,4
E34,su18,vwc,3
E35,su18,vwc,4
E36,su18,vwc,4
E37,su18,vwc,6
E38,su18,vwc,4
E39,su18,vwc,7
E310,su18,vwc,5
P31,su18,vwc,0
P32,su18,vwc,0
P33,su18,vwc,3
P34,su18,vwc,1
P35,su18,vwc,0
P36,su18,vwc,3
P37,su18,vwc,6
P38,su18,vwc,4
P39,su18,vwc,1
P310,su18,vwc,4
B31,su18,vwc,31
B32,su18,vwc,48
B33,su18,vwc,20
B34,su18,vwc,46
B35,su18,vwc,4
B36,su18,vwc,25
B37,su18,vwc,40
B38,su18,vwc,8
B39,su18,vwc,11
B310,su18,vwc,15
R41,su18,vwc,4
R42,su18,vwc,1
R43,su18,vwc,2
R44,su18,vwc,1.8
R45,su18,vwc,5
R46,su18,vwc,6
R47,su18,vwc,2.5
R48,su18,vwc,6
R49,su18,vwc,2
R410,su18,vwc,8
P41,su18,vwc,0
P42,su18,vwc,4
P43,su18,vwc,4
P44,su18,vwc,6
P45,su18,vwc,4
P46,su18,vwc,3
P47,su18,vwc,2
P48,su18,vwc,0
P49,su18,vwc,4
P410,su18,vwc,2
B41,su18,vwc,3
B42,su18,vwc,7
B43,su18,vwc,3
B44,su18,vwc,2
B45,su18,vwc,5
B46,su18,vwc,3
B47,su18,vwc,14
B48,su18,vwc,3
B49,su18,vwc,5
B410,su18,vwc,5
R51,su18,vwc,1
R52,su18,vwc,4
R53,su18,vwc,2
R54,su18,vwc,6
R55,su18,vwc,3
R56,su18,vwc,0
R57,su18,vwc,3
R58,su18,vwc,4
R59,su18,vwc,3
R510,su18,vwc,4
P51,su18,vwc,0
P52,su18,vwc,2
P53,su18,vwc,1
P54,su18,vwc,0
P55,su18,vwc,5
P56,su18,vwc,4
P57,su18,vwc,0
P58,su18,vwc,0
P59,su18,vwc,0
P510,su18,vwc,0
B51,su18,vwc,6
B52,su18,vwc,13
B53,su18,vwc,23
B54,su18,vwc,11
B55,su18,vwc,NA
B56,su18,vwc,4
B57,su18,vwc,49
B58,su18,vwc,NA
B59,su18,vwc,10
B510,su18,vwc,54
R11,sp18,vwc,9
R12,sp18,vwc,10
R13,sp18,vwc,8
R14,sp18,vwc,8
R15,sp18,vwc,7
R16,sp18,vwc,8
R17,sp18,vwc,8
R18,sp18,vwc,6
R19,sp18,vwc,2
R110,sp18,vwc,10
G11,sp18,vwc,6
G12,sp18,vwc,11
G13,sp18,vwc,6
G14,sp18,vwc,4
G15,sp18,vwc,4
G16,sp18,vwc,6
G17,sp18,vwc,8
G18,sp18,vwc,2
G19,sp18,vwc,6
G110,sp18,vwc,14
E11,sp18,vwc,7
E12,sp18,vwc,16
E13,sp18,vwc,10
E14,sp18,vwc,4
E15,sp18,vwc,16
E16,sp18,vwc,7
E17,sp18,vwc,8
E18,sp18,vwc,10
E19,sp18,vwc,4
E110,sp18,vwc,10
P11,sp18,vwc,4
P12,sp18,vwc,2
P13,sp18,vwc,6
P14,sp18,vwc,6
P15,sp18,vwc,4
P16,sp18,vwc,4
P17,sp18,vwc,11
P18,sp18,vwc,2
P19,sp18,vwc,6
P110,sp18,vwc,NA
B11,sp18,vwc,40
B12,sp18,vwc,30
B13,sp18,vwc,NA
B14,sp18,vwc,NA
B15,sp18,vwc,18
B16,sp18,vwc,27
B17,sp18,vwc,18
B18,sp18,vwc,26
B19,sp18,vwc,16
B110,sp18,vwc,38
R21,sp18,vwc,4
R22,sp18,vwc,7
R23,sp18,vwc,6
R24,sp18,vwc,8
R25,sp18,vwc,8
R26,sp18,vwc,8
R27,sp18,vwc,4
R28,sp18,vwc,11
R29,sp18,vwc,4
R210,sp18,vwc,4
G21,sp18,vwc,14
G22,sp18,vwc,4
G23,sp18,vwc,4
G24,sp18,vwc,6
G25,sp18,vwc,2
G26,sp18,vwc,4
G27,sp18,vwc,4
G28,sp18,vwc,2
G29,sp18,vwc,4
G210,sp18,vwc,4
E21,sp18,vwc,8
E22,sp18,vwc,6
E23,sp18,vwc,4
E24,sp18,vwc,8
E25,sp18,vwc,4
E26,sp18,vwc,8
E27,sp18,vwc,6
E28,sp18,vwc,6
E29,sp18,vwc,4
E210,sp18,vwc,12
P21,sp18,vwc,2
P22,sp18,vwc,4
P23,sp18,vwc,6
P24,sp18,vwc,4
P25,sp18,vwc,6
P26,sp18,vwc,2
P27,sp18,vwc,4
P28,sp18,vwc,2
P29,sp18,vwc,NA
P210,sp18,vwc,2
B21,sp18,vwc,18
B22,sp18,vwc,8
B23,sp18,vwc,41
B24,sp18,vwc,10
B25,sp18,vwc,6
B26,sp18,vwc,8
B27,sp18,vwc,11
B28,sp18,vwc,40
B29,sp18,vwc,41
B210,sp18,vwc,12
R31,sp18,vwc,8
R32,sp18,vwc,7
R33,sp18,vwc,6
R34,sp18,vwc,7
R35,sp18,vwc,6
R36,sp18,vwc,6
R37,sp18,vwc,6
R38,sp18,vwc,20
R39,sp18,vwc,8
R310,sp18,vwc,7
G31,sp18,vwc,10
G32,sp18,vwc,6
G33,sp18,vwc,6
G34,sp18,vwc,10
G35,sp18,vwc,4
G36,sp18,vwc,6
G37,sp18,vwc,6
G38,sp18,vwc,4
G39,sp18,vwc,4
G310,sp18,vwc,18
E31,sp18,vwc,4
E32,sp18,vwc,8
E33,sp18,vwc,8
E34,sp18,vwc,8
E35,sp18,vwc,6
E36,sp18,vwc,12
E37,sp18,vwc,6
E38,sp18,vwc,7
E39,sp18,vwc,4
E310,sp18,vwc,7
P31,sp18,vwc,4
P32,sp18,vwc,6
P33,sp18,vwc,4
P34,sp18,vwc,4
P35,sp18,vwc,5
P36,sp18,vwc,6
P37,sp18,vwc,4
P38,sp18,vwc,2
P39,sp18,vwc,8
P310,sp18,vwc,6
B31,sp18,vwc,22
B32,sp18,vwc,38
B33,sp18,vwc,27
B34,sp18,vwc,39
B35,sp18,vwc,20
B36,sp18,vwc,29
B37,sp18,vwc,40
B38,sp18,vwc,25
B39,sp18,vwc,29
B310,sp18,vwc,33
R41,sp18,vwc,7
R42,sp18,vwc,6
R43,sp18,vwc,6
R44,sp18,vwc,6
R45,sp18,vwc,4
R46,sp18,vwc,11
R47,sp18,vwc,7
R48,sp18,vwc,11
R49,sp18,vwc,4
R410,sp18,vwc,6
P41,sp18,vwc,2
P42,sp18,vwc,2
P43,sp18,vwc,2
P44,sp18,vwc,4
P45,sp18,vwc,4
P46,sp18,vwc,4
P47,sp18,vwc,2
P48,sp18,vwc,3
P49,sp18,vwc,4
P410,sp18,vwc,2
B41,sp18,vwc,22
B42,sp18,vwc,NA
B43,sp18,vwc,10
B44,sp18,vwc,12
B45,sp18,vwc,32
B46,sp18,vwc,16
B47,sp18,vwc,40
B48,sp18,vwc,20
B49,sp18,vwc,38
B410,sp18,vwc,15
R51,sp18,vwc,4
R52,sp18,vwc,6
R53,sp18,vwc,7
R54,sp18,vwc,8
R55,sp18,vwc,14
R56,sp18,vwc,18
R57,sp18,vwc,6
R58,sp18,vwc,6
R59,sp18,vwc,12
R510,sp18,vwc,12
P51,sp18,vwc,4
P52,sp18,vwc,4
P53,sp18,vwc,4
P54,sp18,vwc,2
P55,sp18,vwc,4
P56,sp18,vwc,2
P57,sp18,vwc,4
P58,sp18,vwc,4
P59,sp18,vwc,4
P510,sp18,vwc,6
B51,sp18,vwc,12
B52,sp18,vwc,27
B53,sp18,vwc,43
B54,sp18,vwc,11
B55,sp18,vwc,NA
B56,sp18,vwc,10
B57,sp18,vwc,38
B58,sp18,vwc,43
B59,sp18,vwc,43
B510,sp18,vwc,32
